年份,科目,地区,高考模式,改革起始年,卷别性质,范围,卷型,状态,试卷路径,Markdown路径,听力路径,OCR方式,识别页数
2011,语文,北京,老高考,2020,地方/区域卷,local,北京卷,done,../../papers/2011/语文/北京/北京卷/2011_语文_北京卷_原卷.pdf,../../papers/2011/语文/北京/北京卷/2011_语文_北京卷_OCR与考点.md,,rapidocr,10
2011,语文,天津,老高考,2020,地方/区域卷,local,天津卷,done,../../papers/2011/语文/天津/天津卷/2011_语文_天津卷_原卷.pdf,../../papers/2011/语文/天津/天津卷/2011_语文_天津卷_OCR与考点.md,,rapidocr,9
2011,语文,河北,老高考,2021,全国卷,common,全国Ⅱ卷,done,../../papers/2011/语文/全国/全国Ⅱ卷/2011_语文_全国Ⅱ卷_原卷.pdf,../../papers/2011/语文/全国/全国Ⅱ卷/2011_语文_全国Ⅱ卷_OCR与考点.md,,rapidocr,11
2011,语文,山西,老高考,2025,全国卷,common,全国Ⅱ卷,done,../../papers/2011/语文/全国/全国Ⅱ卷/2011_语文_全国Ⅱ卷_原卷.pdf,../../papers/2011/语文/全国/全国Ⅱ卷/2011_语文_全国Ⅱ卷_OCR与考点.md,,rapidocr,11
2011,语文,内蒙古,老高考,2025,全国卷,common,全国Ⅱ卷,done,../../papers/2011/语文/全国/全国Ⅱ卷/2011_语文_全国Ⅱ卷_原卷.pdf,../../papers/2011/语文/全国/全国Ⅱ卷/2011_语文_全国Ⅱ卷_OCR与考点.md,,rapidocr,11
2011,语文,辽宁,老高考,2021,,missing,,missing,,,,,
2011,语文,吉林,老高考,2024,全国卷,common,吉林卷,done,../../papers/2011/语文/全国/吉林卷/2011_语文_吉林卷_原卷.pdf,../../papers/2011/语文/全国/吉林卷/2011_语文_吉林卷_OCR与考点.md,,rapidocr,12
2011,语文,黑龙江,老高考,2024,全国卷,common,黑龙江卷,done,../../papers/2011/语文/全国/黑龙江卷/2011_语文_黑龙江卷_原卷.pdf,../../papers/2011/语文/全国/黑龙江卷/2011_语文_黑龙江卷_OCR与考点.md,,rapidocr,12
2011,语文,上海,老高考,2017,地方/区域卷,local,上海卷,done,../../papers/2011/语文/上海/上海卷/2011_语文_上海卷_原卷.pdf,../../papers/2011/语文/上海/上海卷/2011_语文_上海卷_OCR与考点.md,,rapidocr,9
2011,语文,江苏,老高考,2021,地方/区域卷,local,江苏卷,done,../../papers/2011/语文/江苏/江苏卷/2011_语文_江苏卷_原卷.pdf,../../papers/2011/语文/江苏/江苏卷/2011_语文_江苏卷_OCR与考点.md,,rapidocr,8
2011,语文,浙江,老高考,2017,地方/区域卷,local,浙江卷,done,../../papers/2011/语文/浙江/浙江卷/2011_语文_浙江卷_原卷.pdf,../../papers/2011/语文/浙江/浙江卷/2011_语文_浙江卷_OCR与考点.md,,rapidocr,8
2011,语文,安徽,老高考,2024,,missing,,missing,,,,,
2011,语文,福建,老高考,2021,,missing,,missing,,,,,
2011,语文,江西,老高考,2024,,missing,,missing,,,,,
2011,语文,山东,老高考,2020,地方/区域卷,local,山东卷,done,../../papers/2011/语文/山东/山东卷/2011_语文_山东卷_原卷.pdf,../../papers/2011/语文/山东/山东卷/2011_语文_山东卷_OCR与考点.md,,rapidocr,14
2011,语文,河南,老高考,2025,全国卷,common,河南卷,done,../../papers/2011/语文/全国/河南卷/2011_语文_河南卷_原卷.pdf,../../papers/2011/语文/全国/河南卷/2011_语文_河南卷_OCR与考点.md,,rapidocr,12
2011,语文,湖北,老高考,2021,,missing,,missing,,,,,
2011,语文,湖南,老高考,2021,地方/区域卷,local,湖南卷,done,../../papers/2011/语文/湖南/湖南卷/2011_语文_湖南卷_原卷.pdf,../../papers/2011/语文/湖南/湖南卷/2011_语文_湖南卷_OCR与考点.md,,rapidocr,6
2011,语文,广东,老高考,2021,地方/区域卷,local,广东卷,done,../../papers/2011/语文/广东/广东卷/2011_语文_广东卷_原卷.pdf,../../papers/2011/语文/广东/广东卷/2011_语文_广东卷_OCR与考点.md,,rapidocr,11
2011,语文,广西,老高考,2024,全国卷,common,广西卷,done,../../papers/2011/语文/全国/广西卷/2011_语文_广西卷_原卷.pdf,../../papers/2011/语文/全国/广西卷/2011_语文_广西卷_OCR与考点.md,,rapidocr,12
2011,语文,海南,老高考,2020,全国卷,common,海南卷,done,../../papers/2011/语文/全国/海南卷/2011_语文_海南卷_原卷.pdf,../../papers/2011/语文/全国/海南卷/2011_语文_海南卷_OCR与考点.md,,rapidocr,12
2011,语文,重庆,老高考,2021,,missing,,missing,,,,,
2011,语文,四川,老高考,2025,地方/区域卷,local,四川卷,done,../../papers/2011/语文/四川/四川卷/2011_语文_四川卷_原卷.pdf,../../papers/2011/语文/四川/四川卷/2011_语文_四川卷_OCR与考点.md,,rapidocr,7
2011,语文,贵州,老高考,2024,全国卷,common,全国Ⅱ卷,done,../../papers/2011/语文/全国/全国Ⅱ卷/2011_语文_全国Ⅱ卷_原卷.pdf,../../papers/2011/语文/全国/全国Ⅱ卷/2011_语文_全国Ⅱ卷_OCR与考点.md,,rapidocr,11
2011,语文,云南,老高考,2025,全国卷,common,云南卷,done,../../papers/2011/语文/全国/云南卷/2011_语文_云南卷_原卷.pdf,../../papers/2011/语文/全国/云南卷/2011_语文_云南卷_OCR与考点.md,,rapidocr,12
2011,语文,西藏,老高考,,全国卷,common,全国Ⅱ卷,done,../../papers/2011/语文/全国/全国Ⅱ卷/2011_语文_全国Ⅱ卷_原卷.pdf,../../papers/2011/语文/全国/全国Ⅱ卷/2011_语文_全国Ⅱ卷_OCR与考点.md,,rapidocr,11
2011,语文,陕西,老高考,2025,全国卷,common,陕西卷,done,../../papers/2011/语文/全国/陕西卷/2011_语文_陕西卷_原卷.pdf,../../papers/2011/语文/全国/陕西卷/2011_语文_陕西卷_OCR与考点.md,,rapidocr,12
2011,语文,甘肃,老高考,2024,全国卷,common,甘肃卷,done,../../papers/2011/语文/全国/甘肃卷/2011_语文_甘肃卷_原卷.pdf,../../papers/2011/语文/全国/甘肃卷/2011_语文_甘肃卷_OCR与考点.md,,rapidocr,12
2011,语文,青海,老高考,2025,全国卷,common,全国Ⅱ卷,done,../../papers/2011/语文/全国/全国Ⅱ卷/2011_语文_全国Ⅱ卷_原卷.pdf,../../papers/2011/语文/全国/全国Ⅱ卷/2011_语文_全国Ⅱ卷_OCR与考点.md,,rapidocr,11
2011,语文,宁夏,老高考,2025,全国卷,common,宁夏卷,done,../../papers/2011/语文/全国/宁夏卷/2011_语文_宁夏卷_原卷.pdf,../../papers/2011/语文/全国/宁夏卷/2011_语文_宁夏卷_OCR与考点.md,,rapidocr,12
2011,语文,新疆,老高考,,全国卷,common,新疆卷,done,../../papers/2011/语文/全国/新疆卷/2011_语文_新疆卷_原卷.pdf,../../papers/2011/语文/全国/新疆卷/2011_语文_新疆卷_OCR与考点.md,,rapidocr,12
2011,数学,北京,老高考,2020,地方/区域卷,local,北京卷,done,../../papers/2011/数学/北京/北京卷/2011_数学_北京卷_原卷.pdf,../../papers/2011/数学/北京/北京卷/2011_数学_北京卷_OCR与考点.md,,pypdf,4
2011,数学,天津,老高考,2020,地方/区域卷,local,天津卷,done,../../papers/2011/数学/天津/天津卷/2011_数学_天津卷_原卷.pdf,../../papers/2011/数学/天津/天津卷/2011_数学_天津卷_OCR与考点.md,,pypdf,4
2011,数学,河北,老高考,2021,地方/区域卷,local,河北卷,done,../../papers/2011/数学/河北/河北卷/2011_数学_河北卷_原卷.pdf,../../papers/2011/数学/河北/河北卷/2011_数学_河北卷_OCR与考点.md,,pypdf,4
2011,数学,山西,老高考,2025,全国卷,common,山西卷,done,../../papers/2011/数学/全国/山西卷/2011_数学_山西卷_原卷.pdf,../../papers/2011/数学/全国/山西卷/2011_数学_山西卷_OCR与考点.md,,pypdf,6
2011,数学,内蒙古,老高考,2025,地方/区域卷,local,内蒙古卷,done,../../papers/2011/数学/内蒙古/内蒙古卷/2011_数学_内蒙古卷_原卷.pdf,../../papers/2011/数学/内蒙古/内蒙古卷/2011_数学_内蒙古卷_OCR与考点.md,,pypdf,4
2011,数学,辽宁,老高考,2021,地方/区域卷,local,辽宁卷,done,../../papers/2011/数学/辽宁/辽宁卷/2011_数学_辽宁卷_原卷.pdf,../../papers/2011/数学/辽宁/辽宁卷/2011_数学_辽宁卷_OCR与考点.md,,pypdf,7
2011,数学,吉林,老高考,2024,全国卷,common,吉林卷,done,../../papers/2011/数学/全国/吉林卷/2011_数学_吉林卷_原卷.pdf,../../papers/2011/数学/全国/吉林卷/2011_数学_吉林卷_OCR与考点.md,,pypdf,6
2011,数学,黑龙江,老高考,2024,全国卷,common,黑龙江卷,done,../../papers/2011/数学/全国/黑龙江卷/2011_数学_黑龙江卷_原卷.pdf,../../papers/2011/数学/全国/黑龙江卷/2011_数学_黑龙江卷_OCR与考点.md,,pypdf,6
2011,数学,上海,老高考,2017,地方/区域卷,local,上海卷,done,../../papers/2011/数学/上海/上海卷/2011_数学_上海卷_原卷.pdf,../../papers/2011/数学/上海/上海卷/2011_数学_上海卷_OCR与考点.md,,pypdf,4
2011,数学,江苏,老高考,2021,地方/区域卷,local,江苏卷,done,../../papers/2011/数学/江苏/江苏卷/2011_数学_江苏卷_原卷.pdf,../../papers/2011/数学/江苏/江苏卷/2011_数学_江苏卷_OCR与考点.md,,pypdf,7
2011,数学,浙江,老高考,2017,地方/区域卷,local,浙江卷,done,../../papers/2011/数学/浙江/浙江卷/2011_数学_浙江卷_原卷.pdf,../../papers/2011/数学/浙江/浙江卷/2011_数学_浙江卷_OCR与考点.md,,pypdf,5
2011,数学,安徽,老高考,2024,,missing,,missing,,,,,
2011,数学,福建,老高考,2021,,missing,,missing,,,,,
2011,数学,江西,老高考,2024,地方/区域卷,local,江西卷,done,../../papers/2011/数学/江西/江西卷/2011_数学_江西卷_原卷.pdf,../../papers/2011/数学/江西/江西卷/2011_数学_江西卷_OCR与考点.md,,pypdf,7
2011,数学,山东,老高考,2020,地方/区域卷,local,山东卷,done,../../papers/2011/数学/山东/山东卷/2011_数学_山东卷_原卷.pdf,../../papers/2011/数学/山东/山东卷/2011_数学_山东卷_OCR与考点.md,,pypdf,8
2011,数学,河南,老高考,2025,全国卷,common,河南卷,done,../../papers/2011/数学/全国/河南卷/2011_数学_河南卷_原卷.pdf,../../papers/2011/数学/全国/河南卷/2011_数学_河南卷_OCR与考点.md,,pypdf,6
2011,数学,湖北,老高考,2021,,missing,,missing,,,,,
2011,数学,湖南,老高考,2021,地方/区域卷,local,湖南卷,done,../../papers/2011/数学/湖南/湖南卷/2011_数学_湖南卷_原卷.pdf,../../papers/2011/数学/湖南/湖南卷/2011_数学_湖南卷_OCR与考点.md,,pypdf,5
2011,数学,广东,老高考,2021,地方/区域卷,local,广东卷,done,../../papers/2011/数学/广东/广东卷/2011_数学_广东卷_原卷.pdf,../../papers/2011/数学/广东/广东卷/2011_数学_广东卷_OCR与考点.md,,pypdf,7
2011,数学,广西,老高考,2024,全国卷,common,广西卷,done,../../papers/2011/数学/全国/广西卷/2011_数学_广西卷_原卷.pdf,../../papers/2011/数学/全国/广西卷/2011_数学_广西卷_OCR与考点.md,,pypdf,6
2011,数学,海南,老高考,2020,全国卷,common,海南卷,done,../../papers/2011/数学/全国/海南卷/2011_数学_海南卷_原卷.pdf,../../papers/2011/数学/全国/海南卷/2011_数学_海南卷_OCR与考点.md,,pypdf,6
2011,数学,重庆,老高考,2021,,missing,,missing,,,,,
2011,数学,四川,老高考,2025,地方/区域卷,local,四川卷,done,../../papers/2011/数学/四川/四川卷/2011_数学_四川卷_原卷.pdf,../../papers/2011/数学/四川/四川卷/2011_数学_四川卷_OCR与考点.md,,pypdf,4
2011,数学,贵州,老高考,2024,地方/区域卷,local,贵州卷,done,../../papers/2011/数学/贵州/贵州卷/2011_数学_贵州卷_原卷.pdf,../../papers/2011/数学/贵州/贵州卷/2011_数学_贵州卷_OCR与考点.md,,pypdf,4
2011,数学,云南,老高考,2025,全国卷,common,云南卷,done,../../papers/2011/数学/全国/云南卷/2011_数学_云南卷_原卷.pdf,../../papers/2011/数学/全国/云南卷/2011_数学_云南卷_OCR与考点.md,,pypdf,6
2011,数学,西藏,老高考,,地方/区域卷,local,西藏卷,done,../../papers/2011/数学/西藏/西藏卷/2011_数学_西藏卷_原卷.pdf,../../papers/2011/数学/西藏/西藏卷/2011_数学_西藏卷_OCR与考点.md,,pypdf,4
2011,数学,陕西,老高考,2025,地方/区域卷,local,陕西卷,done,../../papers/2011/数学/陕西/陕西卷/2011_数学_陕西卷_原卷.pdf,../../papers/2011/数学/陕西/陕西卷/2011_数学_陕西卷_OCR与考点.md,,pypdf,8
2011,数学,甘肃,老高考,2024,全国卷,common,甘肃卷,done,../../papers/2011/数学/全国/甘肃卷/2011_数学_甘肃卷_原卷.pdf,../../papers/2011/数学/全国/甘肃卷/2011_数学_甘肃卷_OCR与考点.md,,pypdf,6
2011,数学,青海,老高考,2025,地方/区域卷,local,青海卷,done,../../papers/2011/数学/青海/青海卷/2011_数学_青海卷_原卷.pdf,../../papers/2011/数学/青海/青海卷/2011_数学_青海卷_OCR与考点.md,,pypdf,4
2011,数学,宁夏,老高考,2025,全国卷,common,宁夏卷,done,../../papers/2011/数学/全国/宁夏卷/2011_数学_宁夏卷_原卷.pdf,../../papers/2011/数学/全国/宁夏卷/2011_数学_宁夏卷_OCR与考点.md,,pypdf,6
2011,数学,新疆,老高考,,全国卷,common,新疆卷,done,../../papers/2011/数学/全国/新疆卷/2011_数学_新疆卷_原卷.pdf,../../papers/2011/数学/全国/新疆卷/2011_数学_新疆卷_OCR与考点.md,,pypdf,6
2011,英语,北京,老高考,2020,地方/区域卷,local,北京卷,done,../../papers/2011/英语/北京/北京卷/2011_英语_北京卷_原卷.pdf,../../papers/2011/英语/北京/北京卷/2011_英语_北京卷_OCR与考点.md,../../papers/2011/英语/北京/北京卷/2011_英语_北京卷_听力.mp3,pypdf,13
2011,英语,天津,老高考,2020,地方/区域卷,local,天津卷,done,../../papers/2011/英语/天津/天津卷/2011_英语_天津卷_原卷.pdf,../../papers/2011/英语/天津/天津卷/2011_英语_天津卷_OCR与考点.md,,pypdf,13
2011,英语,河北,老高考,2021,全国卷,common,河北卷,done,../../papers/2011/英语/全国/河北卷/2011_英语_河北卷_原卷.pdf,../../papers/2011/英语/全国/河北卷/2011_英语_河北卷_OCR与考点.md,../../papers/2011/英语/全国/河北卷/2011_英语_河北卷_听力.mp3,pypdf,14
2011,英语,山西,老高考,2025,全国卷,common,山西卷,done,../../papers/2011/英语/全国/山西卷/2011_英语_山西卷_原卷.pdf,../../papers/2011/英语/全国/山西卷/2011_英语_山西卷_OCR与考点.md,../../papers/2011/英语/全国/山西卷/2011_英语_山西卷_听力.mp3,pypdf,14
2011,英语,内蒙古,老高考,2025,全国卷,common,内蒙古卷,done,../../papers/2011/英语/全国/内蒙古卷/2011_英语_内蒙古卷_原卷.pdf,../../papers/2011/英语/全国/内蒙古卷/2011_英语_内蒙古卷_OCR与考点.md,../../papers/2011/英语/全国/内蒙古卷/2011_英语_内蒙古卷_听力.mp3,pypdf,14
2011,英语,辽宁,老高考,2021,,missing,,missing,,,,,
2011,英语,吉林,老高考,2024,全国卷,common,吉林卷,done,../../papers/2011/英语/全国/吉林卷/2011_英语_吉林卷_原卷.pdf,../../papers/2011/英语/全国/吉林卷/2011_英语_吉林卷_OCR与考点.md,../../papers/2011/英语/全国/吉林卷/2011_英语_吉林卷_听力.mp3,pypdf,14
2011,英语,黑龙江,老高考,2024,全国卷,common,黑龙江卷,done,../../papers/2011/英语/全国/黑龙江卷/2011_英语_黑龙江卷_原卷.pdf,../../papers/2011/英语/全国/黑龙江卷/2011_英语_黑龙江卷_OCR与考点.md,../../papers/2011/英语/全国/黑龙江卷/2011_英语_黑龙江卷_听力.mp3,pypdf,14
2011,英语,上海,老高考,2017,地方/区域卷,local,上海卷,done,../../papers/2011/英语/上海/上海卷/2011_英语_上海卷_原卷.pdf,../../papers/2011/英语/上海/上海卷/2011_英语_上海卷_OCR与考点.md,../../papers/2011/英语/上海/上海卷/2011_英语_上海卷_听力.mp3,pypdf,11
2011,英语,江苏,老高考,2021,地方/区域卷,local,江苏卷,done,../../papers/2011/英语/江苏/江苏卷/2011_英语_江苏卷_原卷.pdf,../../papers/2011/英语/江苏/江苏卷/2011_英语_江苏卷_OCR与考点.md,../../papers/2011/英语/江苏/江苏卷/2011_英语_江苏卷_听力.mp3,pypdf,9
2011,英语,浙江,老高考,2017,地方/区域卷,local,浙江卷,done,../../papers/2011/英语/浙江/浙江卷/2011_英语_浙江卷_原卷.pdf,../../papers/2011/英语/浙江/浙江卷/2011_英语_浙江卷_OCR与考点.md,,pypdf,11
2011,英语,安徽,老高考,2024,,missing,,missing,,,,,
2011,英语,福建,老高考,2021,,missing,,missing,,,,,
2011,英语,江西,老高考,2024,,missing,,missing,,,,,
2011,英语,山东,老高考,2020,地方/区域卷,local,山东卷,done,../../papers/2011/英语/山东/山东卷/2011_英语_山东卷_原卷.pdf,../../papers/2011/英语/山东/山东卷/2011_英语_山东卷_OCR与考点.md,../../papers/2011/英语/山东/山东卷/2011_英语_山东卷_听力.mp3,pypdf,14
2011,英语,河南,老高考,2025,全国卷,common,河南卷,done,../../papers/2011/英语/全国/河南卷/2011_英语_河南卷_原卷.pdf,../../papers/2011/英语/全国/河南卷/2011_英语_河南卷_OCR与考点.md,../../papers/2011/英语/全国/河南卷/2011_英语_河南卷_听力.mp3,pypdf,14
2011,英语,湖北,老高考,2021,,missing,,missing,,,,,
2011,英语,湖南,老高考,2021,地方/区域卷,local,湖南卷,done,../../papers/2011/英语/湖南/湖南卷/2011_英语_湖南卷_原卷.pdf,../../papers/2011/英语/湖南/湖南卷/2011_英语_湖南卷_OCR与考点.md,../../papers/2011/英语/湖南/湖南卷/2011_英语_湖南卷_听力.mp3,pypdf,10
2011,英语,广东,老高考,2021,地方/区域卷,local,广东卷,done,../../papers/2011/英语/广东/广东卷/2011_英语_广东卷_原卷.pdf,../../papers/2011/英语/广东/广东卷/2011_英语_广东卷_OCR与考点.md,,pypdf,13
2011,英语,广西,老高考,2024,全国卷,common,广西卷,done,../../papers/2011/英语/全国/广西卷/2011_英语_广西卷_原卷.pdf,../../papers/2011/英语/全国/广西卷/2011_英语_广西卷_OCR与考点.md,../../papers/2011/英语/全国/广西卷/2011_英语_广西卷_听力.mp3,pypdf,14
2011,英语,海南,老高考,2020,全国卷,common,海南卷,done,../../papers/2011/英语/全国/海南卷/2011_英语_海南卷_原卷.pdf,../../papers/2011/英语/全国/海南卷/2011_英语_海南卷_OCR与考点.md,../../papers/2011/英语/全国/海南卷/2011_英语_海南卷_听力.mp3,pypdf,14
2011,英语,重庆,老高考,2021,,missing,,missing,,,,,
2011,英语,四川,老高考,2025,地方/区域卷,local,四川卷,done,../../papers/2011/英语/四川/四川卷/2011_英语_四川卷_原卷.pdf,../../papers/2011/英语/四川/四川卷/2011_英语_四川卷_OCR与考点.md,,pypdf,9
2011,英语,贵州,老高考,2024,全国卷,common,贵州卷,done,../../papers/2011/英语/全国/贵州卷/2011_英语_贵州卷_原卷.pdf,../../papers/2011/英语/全国/贵州卷/2011_英语_贵州卷_OCR与考点.md,../../papers/2011/英语/全国/贵州卷/2011_英语_贵州卷_听力.mp3,pypdf,14
2011,英语,云南,老高考,2025,全国卷,common,云南卷,done,../../papers/2011/英语/全国/云南卷/2011_英语_云南卷_原卷.pdf,../../papers/2011/英语/全国/云南卷/2011_英语_云南卷_OCR与考点.md,../../papers/2011/英语/全国/云南卷/2011_英语_云南卷_听力.mp3,pypdf,14
2011,英语,西藏,老高考,,全国卷,common,西藏卷,done,../../papers/2011/英语/全国/西藏卷/2011_英语_西藏卷_原卷.pdf,../../papers/2011/英语/全国/西藏卷/2011_英语_西藏卷_OCR与考点.md,../../papers/2011/英语/全国/西藏卷/2011_英语_西藏卷_听力.mp3,pypdf,14
2011,英语,陕西,老高考,2025,地方/区域卷,local,陕西卷,done,../../papers/2011/英语/陕西/陕西卷/2011_英语_陕西卷_原卷.pdf,../../papers/2011/英语/陕西/陕西卷/2011_英语_陕西卷_OCR与考点.md,,pypdf,11
2011,英语,甘肃,老高考,2024,全国卷,common,甘肃卷,done,../../papers/2011/英语/全国/甘肃卷/2011_英语_甘肃卷_原卷.pdf,../../papers/2011/英语/全国/甘肃卷/2011_英语_甘肃卷_OCR与考点.md,../../papers/2011/英语/全国/甘肃卷/2011_英语_甘肃卷_听力.mp3,pypdf,14
2011,英语,青海,老高考,2025,全国卷,common,青海卷,done,../../papers/2011/英语/全国/青海卷/2011_英语_青海卷_原卷.pdf,../../papers/2011/英语/全国/青海卷/2011_英语_青海卷_OCR与考点.md,../../papers/2011/英语/全国/青海卷/2011_英语_青海卷_听力.mp3,pypdf,14
2011,英语,宁夏,老高考,2025,全国卷,common,宁夏卷,done,../../papers/2011/英语/全国/宁夏卷/2011_英语_宁夏卷_原卷.pdf,../../papers/2011/英语/全国/宁夏卷/2011_英语_宁夏卷_OCR与考点.md,../../papers/2011/英语/全国/宁夏卷/2011_英语_宁夏卷_听力.mp3,pypdf,14
2011,英语,新疆,老高考,,全国卷,common,新疆卷,done,../../papers/2011/英语/全国/新疆卷/2011_英语_新疆卷_原卷.pdf,../../papers/2011/英语/全国/新疆卷/2011_英语_新疆卷_OCR与考点.md,../../papers/2011/英语/全国/新疆卷/2011_英语_新疆卷_听力.mp3,pypdf,14
2011,物理,北京,老高考,2020,地方/区域卷,local,北京卷,done,../../papers/2011/物理/北京/北京理综/2011_物理_北京理综_原卷.pdf,../../papers/2011/物理/北京/北京理综/2011_物理_北京理综_OCR与考点.md,,pypdf,6
2011,物理,天津,老高考,2020,地方/区域卷,local,天津卷,done,../../papers/2011/物理/天津/天津理综/2011_物理_天津理综_原卷.pdf,../../papers/2011/物理/天津/天津理综/2011_物理_天津理综_OCR与考点.md,,pypdf,5
2011,物理,河北,老高考,2021,全国卷,common,河北卷,done,../../papers/2011/物理/全国/河北理综/2011_物理_河北理综_原卷.pdf,../../papers/2011/物理/全国/河北理综/2011_物理_河北理综_OCR与考点.md,,pypdf,7
2011,物理,山西,老高考,2025,全国卷,common,山西卷,done,../../papers/2011/物理/全国/山西理综/2011_物理_山西理综_原卷.pdf,../../papers/2011/物理/全国/山西理综/2011_物理_山西理综_OCR与考点.md,,pypdf,7
2011,物理,内蒙古,老高考,2025,全国卷,common,全国Ⅱ卷,done,../../papers/2011/物理/全国/全国Ⅱ卷理综/2011_物理_全国Ⅱ卷理综_原卷.pdf,../../papers/2011/物理/全国/全国Ⅱ卷理综/2011_物理_全国Ⅱ卷理综_OCR与考点.md,,pypdf,6
2011,物理,辽宁,老高考,2021,全国卷,common,辽宁卷,done,../../papers/2011/物理/全国/辽宁理综/2011_物理_辽宁理综_原卷.pdf,../../papers/2011/物理/全国/辽宁理综/2011_物理_辽宁理综_OCR与考点.md,,pypdf,7
2011,物理,吉林,老高考,2024,全国卷,common,吉林卷,done,../../papers/2011/物理/全国/吉林理综/2011_物理_吉林理综_原卷.pdf,../../papers/2011/物理/全国/吉林理综/2011_物理_吉林理综_OCR与考点.md,,pypdf,7
2011,物理,黑龙江,老高考,2024,全国卷,common,黑龙江卷,done,../../papers/2011/物理/全国/黑龙江理综/2011_物理_黑龙江理综_原卷.pdf,../../papers/2011/物理/全国/黑龙江理综/2011_物理_黑龙江理综_OCR与考点.md,,pypdf,7
2011,物理,上海,老高考,2017,地方/区域卷,local,上海卷,done,../../papers/2011/物理/上海/上海理综/2011_物理_上海理综_原卷.pdf,../../papers/2011/物理/上海/上海理综/2011_物理_上海理综_OCR与考点.md,,pypdf,11
2011,物理,江苏,老高考,2021,地方/区域卷,local,江苏卷,done,../../papers/2011/物理/江苏/江苏理综/2011_物理_江苏理综_原卷.pdf,../../papers/2011/物理/江苏/江苏理综/2011_物理_江苏理综_OCR与考点.md,,pypdf,8
2011,物理,浙江,老高考,2017,地方/区域卷,local,浙江卷,done,../../papers/2011/物理/浙江/浙江理综/2011_物理_浙江理综_原卷.pdf,../../papers/2011/物理/浙江/浙江理综/2011_物理_浙江理综_OCR与考点.md,,pypdf,5
2011,物理,安徽,老高考,2024,,missing,,missing,,,,,
2011,物理,福建,老高考,2021,,missing,,missing,,,,,
2011,物理,江西,老高考,2024,全国卷,common,江西卷,done,../../papers/2011/物理/全国/江西理综/2011_物理_江西理综_原卷.pdf,../../papers/2011/物理/全国/江西理综/2011_物理_江西理综_OCR与考点.md,,pypdf,7
2011,物理,山东,老高考,2020,地方/区域卷,local,山东卷,done,../../papers/2011/物理/山东/山东理综/2011_物理_山东理综_原卷.pdf,../../papers/2011/物理/山东/山东理综/2011_物理_山东理综_OCR与考点.md,,pypdf,6
2011,物理,河南,老高考,2025,全国卷,common,河南卷,done,../../papers/2011/物理/全国/河南理综/2011_物理_河南理综_原卷.pdf,../../papers/2011/物理/全国/河南理综/2011_物理_河南理综_OCR与考点.md,,pypdf,7
2011,物理,湖北,老高考,2021,全国卷,common,湖北卷,done,../../papers/2011/物理/全国/湖北理综/2011_物理_湖北理综_原卷.pdf,../../papers/2011/物理/全国/湖北理综/2011_物理_湖北理综_OCR与考点.md,,pypdf,7
2011,物理,湖南,老高考,2021,全国卷,common,湖南卷,done,../../papers/2011/物理/全国/湖南理综/2011_物理_湖南理综_原卷.pdf,../../papers/2011/物理/全国/湖南理综/2011_物理_湖南理综_OCR与考点.md,,pypdf,7
2011,物理,广东,老高考,2021,地方/区域卷,local,广东卷,done,../../papers/2011/物理/广东/广东理综/2011_物理_广东理综_原卷.pdf,../../papers/2011/物理/广东/广东理综/2011_物理_广东理综_OCR与考点.md,,pypdf,5
2011,物理,广西,老高考,2024,全国卷,common,广西卷,done,../../papers/2011/物理/全国/广西理综/2011_物理_广西理综_原卷.pdf,../../papers/2011/物理/全国/广西理综/2011_物理_广西理综_OCR与考点.md,,pypdf,7
2011,物理,海南,老高考,2020,地方/区域卷,local,海南卷,done,../../papers/2011/物理/海南/海南理综/2011_物理_海南理综_原卷.pdf,../../papers/2011/物理/海南/海南理综/2011_物理_海南理综_OCR与考点.md,,pypdf,9
2011,物理,重庆,老高考,2021,,missing,,missing,,,,,
2011,物理,四川,老高考,2025,地方/区域卷,local,四川卷,done,../../papers/2011/物理/四川/四川理综/2011_物理_四川理综_原卷.pdf,../../papers/2011/物理/四川/四川理综/2011_物理_四川理综_OCR与考点.md,,pypdf,5
2011,物理,贵州,老高考,2024,全国卷,common,全国Ⅱ卷,done,../../papers/2011/物理/全国/全国Ⅱ卷理综/2011_物理_全国Ⅱ卷理综_原卷.pdf,../../papers/2011/物理/全国/全国Ⅱ卷理综/2011_物理_全国Ⅱ卷理综_OCR与考点.md,,pypdf,6
2011,物理,云南,老高考,2025,全国卷,common,云南卷,done,../../papers/2011/物理/全国/云南理综/2011_物理_云南理综_原卷.pdf,../../papers/2011/物理/全国/云南理综/2011_物理_云南理综_OCR与考点.md,,pypdf,7
2011,物理,西藏,老高考,,全国卷,common,西藏卷,done,../../papers/2011/物理/全国/西藏理综/2011_物理_西藏理综_原卷.pdf,../../papers/2011/物理/全国/西藏理综/2011_物理_西藏理综_OCR与考点.md,,pypdf,7
2011,物理,陕西,老高考,2025,全国卷,common,陕西卷,done,../../papers/2011/物理/全国/陕西理综/2011_物理_陕西理综_原卷.pdf,../../papers/2011/物理/全国/陕西理综/2011_物理_陕西理综_OCR与考点.md,,pypdf,7
2011,物理,甘肃,老高考,2024,全国卷,common,全国Ⅱ卷,done,../../papers/2011/物理/全国/全国Ⅱ卷理综/2011_物理_全国Ⅱ卷理综_原卷.pdf,../../papers/2011/物理/全国/全国Ⅱ卷理综/2011_物理_全国Ⅱ卷理综_OCR与考点.md,,pypdf,6
2011,物理,青海,老高考,2025,全国卷,common,全国Ⅱ卷,done,../../papers/2011/物理/全国/全国Ⅱ卷理综/2011_物理_全国Ⅱ卷理综_原卷.pdf,../../papers/2011/物理/全国/全国Ⅱ卷理综/2011_物理_全国Ⅱ卷理综_OCR与考点.md,,pypdf,6
2011,物理,宁夏,老高考,2025,全国卷,common,宁夏卷,done,../../papers/2011/物理/全国/宁夏理综/2011_物理_宁夏理综_原卷.pdf,../../papers/2011/物理/全国/宁夏理综/2011_物理_宁夏理综_OCR与考点.md,,pypdf,7
2011,物理,新疆,老高考,,全国卷,common,新疆卷,done,../../papers/2011/物理/全国/新疆理综/2011_物理_新疆理综_原卷.pdf,../../papers/2011/物理/全国/新疆理综/2011_物理_新疆理综_OCR与考点.md,,pypdf,7
2011,化学,北京,老高考,2020,地方/区域卷,local,北京卷,done,../../papers/2011/化学/北京/北京理综/2011_化学_北京理综_原卷.pdf,../../papers/2011/化学/北京/北京理综/2011_化学_北京理综_OCR与考点.md,,pypdf,6
2011,化学,天津,老高考,2020,地方/区域卷,local,天津卷,done,../../papers/2011/化学/天津/天津理综/2011_化学_天津理综_原卷.pdf,../../papers/2011/化学/天津/天津理综/2011_化学_天津理综_OCR与考点.md,,pypdf,5
2011,化学,河北,老高考,2021,全国卷,common,河北卷,done,../../papers/2011/化学/全国/河北理综/2011_化学_河北理综_原卷.pdf,../../papers/2011/化学/全国/河北理综/2011_化学_河北理综_OCR与考点.md,,pypdf,6
2011,化学,山西,老高考,2025,全国卷,common,山西卷,done,../../papers/2011/化学/全国/山西理综/2011_化学_山西理综_原卷.pdf,../../papers/2011/化学/全国/山西理综/2011_化学_山西理综_OCR与考点.md,,pypdf,6
2011,化学,内蒙古,老高考,2025,全国卷,common,全国Ⅱ卷,done,../../papers/2011/化学/全国/全国Ⅱ卷理综/2011_化学_全国Ⅱ卷理综_原卷.pdf,../../papers/2011/化学/全国/全国Ⅱ卷理综/2011_化学_全国Ⅱ卷理综_OCR与考点.md,,pypdf,6
2011,化学,辽宁,老高考,2021,全国卷,common,辽宁卷,done,../../papers/2011/化学/全国/辽宁理综/2011_化学_辽宁理综_原卷.pdf,../../papers/2011/化学/全国/辽宁理综/2011_化学_辽宁理综_OCR与考点.md,,pypdf,6
2011,化学,吉林,老高考,2024,全国卷,common,吉林卷,done,../../papers/2011/化学/全国/吉林理综/2011_化学_吉林理综_原卷.pdf,../../papers/2011/化学/全国/吉林理综/2011_化学_吉林理综_OCR与考点.md,,pypdf,6
2011,化学,黑龙江,老高考,2024,全国卷,common,黑龙江卷,done,../../papers/2011/化学/全国/黑龙江理综/2011_化学_黑龙江理综_原卷.pdf,../../papers/2011/化学/全国/黑龙江理综/2011_化学_黑龙江理综_OCR与考点.md,,pypdf,6
2011,化学,上海,老高考,2017,地方/区域卷,local,上海卷,done,../../papers/2011/化学/上海/上海理综/2011_化学_上海理综_原卷.pdf,../../papers/2011/化学/上海/上海理综/2011_化学_上海理综_OCR与考点.md,,pypdf,10
2011,化学,江苏,老高考,2021,地方/区域卷,local,江苏卷,done,../../papers/2011/化学/江苏/江苏理综/2011_化学_江苏理综_原卷.pdf,../../papers/2011/化学/江苏/江苏理综/2011_化学_江苏理综_OCR与考点.md,,pypdf,10
2011,化学,浙江,老高考,2017,地方/区域卷,local,浙江卷,done,../../papers/2011/化学/浙江/浙江理综/2011_化学_浙江理综_原卷.pdf,../../papers/2011/化学/浙江/浙江理综/2011_化学_浙江理综_OCR与考点.md,,pypdf,8
2011,化学,安徽,老高考,2024,,missing,,missing,,,,,
2011,化学,福建,老高考,2021,,missing,,missing,,,,,
2011,化学,江西,老高考,2024,全国卷,common,江西卷,done,../../papers/2011/化学/全国/江西理综/2011_化学_江西理综_原卷.pdf,../../papers/2011/化学/全国/江西理综/2011_化学_江西理综_OCR与考点.md,,pypdf,6
2011,化学,山东,老高考,2020,地方/区域卷,local,山东卷,done,../../papers/2011/化学/山东/山东理综/2011_化学_山东理综_原卷.pdf,../../papers/2011/化学/山东/山东理综/2011_化学_山东理综_OCR与考点.md,,pypdf,4
2011,化学,河南,老高考,2025,全国卷,common,河南卷,done,../../papers/2011/化学/全国/河南理综/2011_化学_河南理综_原卷.pdf,../../papers/2011/化学/全国/河南理综/2011_化学_河南理综_OCR与考点.md,,pypdf,6
2011,化学,湖北,老高考,2021,全国卷,common,湖北卷,done,../../papers/2011/化学/全国/湖北理综/2011_化学_湖北理综_原卷.pdf,../../papers/2011/化学/全国/湖北理综/2011_化学_湖北理综_OCR与考点.md,,pypdf,6
2011,化学,湖南,老高考,2021,全国卷,common,湖南卷,done,../../papers/2011/化学/全国/湖南理综/2011_化学_湖南理综_原卷.pdf,../../papers/2011/化学/全国/湖南理综/2011_化学_湖南理综_OCR与考点.md,,pypdf,6
2011,化学,广东,老高考,2021,地方/区域卷,local,广东卷,done,../../papers/2011/化学/广东/广东理综/2011_化学_广东理综_原卷.pdf,../../papers/2011/化学/广东/广东理综/2011_化学_广东理综_OCR与考点.md,,pypdf,5
2011,化学,广西,老高考,2024,全国卷,common,广西卷,done,../../papers/2011/化学/全国/广西理综/2011_化学_广西理综_原卷.pdf,../../papers/2011/化学/全国/广西理综/2011_化学_广西理综_OCR与考点.md,,pypdf,6
2011,化学,海南,老高考,2020,地方/区域卷,local,海南卷,done,../../papers/2011/化学/海南/海南理综/2011_化学_海南理综_原卷.pdf,../../papers/2011/化学/海南/海南理综/2011_化学_海南理综_OCR与考点.md,,pypdf,7
2011,化学,重庆,老高考,2021,,missing,,missing,,,,,
2011,化学,四川,老高考,2025,地方/区域卷,local,四川卷,done,../../papers/2011/化学/四川/四川理综/2011_化学_四川理综_原卷.pdf,../../papers/2011/化学/四川/四川理综/2011_化学_四川理综_OCR与考点.md,,pypdf,4
2011,化学,贵州,老高考,2024,全国卷,common,全国Ⅱ卷,done,../../papers/2011/化学/全国/全国Ⅱ卷理综/2011_化学_全国Ⅱ卷理综_原卷.pdf,../../papers/2011/化学/全国/全国Ⅱ卷理综/2011_化学_全国Ⅱ卷理综_OCR与考点.md,,pypdf,6
2011,化学,云南,老高考,2025,全国卷,common,云南卷,done,../../papers/2011/化学/全国/云南理综/2011_化学_云南理综_原卷.pdf,../../papers/2011/化学/全国/云南理综/2011_化学_云南理综_OCR与考点.md,,pypdf,6
2011,化学,西藏,老高考,,全国卷,common,西藏卷,done,../../papers/2011/化学/全国/西藏理综/2011_化学_西藏理综_原卷.pdf,../../papers/2011/化学/全国/西藏理综/2011_化学_西藏理综_OCR与考点.md,,pypdf,6
2011,化学,陕西,老高考,2025,全国卷,common,陕西卷,done,../../papers/2011/化学/全国/陕西理综/2011_化学_陕西理综_原卷.pdf,../../papers/2011/化学/全国/陕西理综/2011_化学_陕西理综_OCR与考点.md,,pypdf,6
2011,化学,甘肃,老高考,2024,全国卷,common,全国Ⅱ卷,done,../../papers/2011/化学/全国/全国Ⅱ卷理综/2011_化学_全国Ⅱ卷理综_原卷.pdf,../../papers/2011/化学/全国/全国Ⅱ卷理综/2011_化学_全国Ⅱ卷理综_OCR与考点.md,,pypdf,6
2011,化学,青海,老高考,2025,全国卷,common,全国Ⅱ卷,done,../../papers/2011/化学/全国/全国Ⅱ卷理综/2011_化学_全国Ⅱ卷理综_原卷.pdf,../../papers/2011/化学/全国/全国Ⅱ卷理综/2011_化学_全国Ⅱ卷理综_OCR与考点.md,,pypdf,6
2011,化学,宁夏,老高考,2025,全国卷,common,宁夏卷,done,../../papers/2011/化学/全国/宁夏理综/2011_化学_宁夏理综_原卷.pdf,../../papers/2011/化学/全国/宁夏理综/2011_化学_宁夏理综_OCR与考点.md,,pypdf,6
2011,化学,新疆,老高考,,全国卷,common,新疆卷,done,../../papers/2011/化学/全国/新疆理综/2011_化学_新疆理综_原卷.pdf,../../papers/2011/化学/全国/新疆理综/2011_化学_新疆理综_OCR与考点.md,,pypdf,6
2011,生物,北京,老高考,2020,地方/区域卷,local,北京卷,done,../../papers/2011/生物/北京/北京理综/2011_生物_北京理综_原卷.pdf,../../papers/2011/生物/北京/北京理综/2011_生物_北京理综_OCR与考点.md,,pypdf,4
2011,生物,天津,老高考,2020,地方/区域卷,local,天津卷,done,../../papers/2011/生物/天津/天津理综/2011_生物_天津理综_原卷.pdf,../../papers/2011/生物/天津/天津理综/2011_生物_天津理综_OCR与考点.md,,pypdf,6
2011,生物,河北,老高考,2021,全国卷,common,河北卷,done,../../papers/2011/生物/全国/河北理综/2011_生物_河北理综_原卷.pdf,../../papers/2011/生物/全国/河北理综/2011_生物_河北理综_OCR与考点.md,,pypdf,5
2011,生物,山西,老高考,2025,全国卷,common,山西卷,done,../../papers/2011/生物/全国/山西理综/2011_生物_山西理综_原卷.pdf,../../papers/2011/生物/全国/山西理综/2011_生物_山西理综_OCR与考点.md,,pypdf,5
2011,生物,内蒙古,老高考,2025,全国卷,common,全国Ⅱ卷,done,../../papers/2011/生物/全国/全国Ⅱ卷理综/2011_生物_全国Ⅱ卷理综_原卷.pdf,../../papers/2011/生物/全国/全国Ⅱ卷理综/2011_生物_全国Ⅱ卷理综_OCR与考点.md,,pypdf,3
2011,生物,辽宁,老高考,2021,全国卷,common,辽宁卷,done,../../papers/2011/生物/全国/辽宁理综/2011_生物_辽宁理综_原卷.pdf,../../papers/2011/生物/全国/辽宁理综/2011_生物_辽宁理综_OCR与考点.md,,pypdf,5
2011,生物,吉林,老高考,2024,全国卷,common,吉林卷,done,../../papers/2011/生物/全国/吉林理综/2011_生物_吉林理综_原卷.pdf,../../papers/2011/生物/全国/吉林理综/2011_生物_吉林理综_OCR与考点.md,,pypdf,5
2011,生物,黑龙江,老高考,2024,全国卷,common,黑龙江卷,done,../../papers/2011/生物/全国/黑龙江理综/2011_生物_黑龙江理综_原卷.pdf,../../papers/2011/生物/全国/黑龙江理综/2011_生物_黑龙江理综_OCR与考点.md,,pypdf,5
2011,生物,上海,老高考,2017,地方/区域卷,local,上海卷,done,../../papers/2011/生物/上海/上海理综/2011_生物_上海理综_原卷.pdf,../../papers/2011/生物/上海/上海理综/2011_生物_上海理综_OCR与考点.md,,pypdf,13
2011,生物,江苏,老高考,2021,地方/区域卷,local,江苏卷,done,../../papers/2011/生物/江苏/江苏理综/2011_生物_江苏理综_原卷.pdf,../../papers/2011/生物/江苏/江苏理综/2011_生物_江苏理综_OCR与考点.md,,pypdf,13
2011,生物,浙江,老高考,2017,地方/区域卷,local,浙江卷,done,../../papers/2011/生物/浙江/浙江理综/2011_生物_浙江理综_原卷.pdf,../../papers/2011/生物/浙江/浙江理综/2011_生物_浙江理综_OCR与考点.md,,pypdf,4
2011,生物,安徽,老高考,2024,,missing,,missing,,,,,
2011,生物,福建,老高考,2021,,missing,,missing,,,,,
2011,生物,江西,老高考,2024,全国卷,common,江西卷,done,../../papers/2011/生物/全国/江西理综/2011_生物_江西理综_原卷.pdf,../../papers/2011/生物/全国/江西理综/2011_生物_江西理综_OCR与考点.md,,pypdf,5
2011,生物,山东,老高考,2020,地方/区域卷,local,山东卷,done,../../papers/2011/生物/山东/山东理综/2011_生物_山东理综_原卷.pdf,../../papers/2011/生物/山东/山东理综/2011_生物_山东理综_OCR与考点.md,,pypdf,5
2011,生物,河南,老高考,2025,全国卷,common,河南卷,done,../../papers/2011/生物/全国/河南理综/2011_生物_河南理综_原卷.pdf,../../papers/2011/生物/全国/河南理综/2011_生物_河南理综_OCR与考点.md,,pypdf,5
2011,生物,湖北,老高考,2021,全国卷,common,湖北卷,done,../../papers/2011/生物/全国/湖北理综/2011_生物_湖北理综_原卷.pdf,../../papers/2011/生物/全国/湖北理综/2011_生物_湖北理综_OCR与考点.md,,pypdf,5
2011,生物,湖南,老高考,2021,全国卷,common,湖南卷,done,../../papers/2011/生物/全国/湖南理综/2011_生物_湖南理综_原卷.pdf,../../papers/2011/生物/全国/湖南理综/2011_生物_湖南理综_OCR与考点.md,,pypdf,5
2011,生物,广东,老高考,2021,地方/区域卷,local,广东卷,done,../../papers/2011/生物/广东/广东理综/2011_生物_广东理综_原卷.pdf,../../papers/2011/生物/广东/广东理综/2011_生物_广东理综_OCR与考点.md,,pypdf,4
2011,生物,广西,老高考,2024,全国卷,common,广西卷,done,../../papers/2011/生物/全国/广西理综/2011_生物_广西理综_原卷.pdf,../../papers/2011/生物/全国/广西理综/2011_生物_广西理综_OCR与考点.md,,pypdf,5
2011,生物,海南,老高考,2020,地方/区域卷,local,海南卷,done,../../papers/2011/生物/海南/海南理综/2011_生物_海南理综_原卷.pdf,../../papers/2011/生物/海南/海南理综/2011_生物_海南理综_OCR与考点.md,,pypdf,7
2011,生物,重庆,老高考,2021,,missing,,missing,,,,,
2011,生物,四川,老高考,2025,地方/区域卷,local,四川卷,done,../../papers/2011/生物/四川/四川理综/2011_生物_四川理综_原卷.pdf,../../papers/2011/生物/四川/四川理综/2011_生物_四川理综_OCR与考点.md,,pypdf,5
2011,生物,贵州,老高考,2024,全国卷,common,全国Ⅱ卷,done,../../papers/2011/生物/全国/全国Ⅱ卷理综/2011_生物_全国Ⅱ卷理综_原卷.pdf,../../papers/2011/生物/全国/全国Ⅱ卷理综/2011_生物_全国Ⅱ卷理综_OCR与考点.md,,pypdf,3
2011,生物,云南,老高考,2025,全国卷,common,云南卷,done,../../papers/2011/生物/全国/云南理综/2011_生物_云南理综_原卷.pdf,../../papers/2011/生物/全国/云南理综/2011_生物_云南理综_OCR与考点.md,,pypdf,5
2011,生物,西藏,老高考,,全国卷,common,西藏卷,done,../../papers/2011/生物/全国/西藏理综/2011_生物_西藏理综_原卷.pdf,../../papers/2011/生物/全国/西藏理综/2011_生物_西藏理综_OCR与考点.md,,pypdf,5
2011,生物,陕西,老高考,2025,全国卷,common,陕西卷,done,../../papers/2011/生物/全国/陕西理综/2011_生物_陕西理综_原卷.pdf,../../papers/2011/生物/全国/陕西理综/2011_生物_陕西理综_OCR与考点.md,,pypdf,5
2011,生物,甘肃,老高考,2024,全国卷,common,全国Ⅱ卷,done,../../papers/2011/生物/全国/全国Ⅱ卷理综/2011_生物_全国Ⅱ卷理综_原卷.pdf,../../papers/2011/生物/全国/全国Ⅱ卷理综/2011_生物_全国Ⅱ卷理综_OCR与考点.md,,pypdf,3
2011,生物,青海,老高考,2025,全国卷,common,全国Ⅱ卷,done,../../papers/2011/生物/全国/全国Ⅱ卷理综/2011_生物_全国Ⅱ卷理综_原卷.pdf,../../papers/2011/生物/全国/全国Ⅱ卷理综/2011_生物_全国Ⅱ卷理综_OCR与考点.md,,pypdf,3
2011,生物,宁夏,老高考,2025,全国卷,common,宁夏卷,done,../../papers/2011/生物/全国/宁夏理综/2011_生物_宁夏理综_原卷.pdf,../../papers/2011/生物/全国/宁夏理综/2011_生物_宁夏理综_OCR与考点.md,,pypdf,5
2011,生物,新疆,老高考,,全国卷,common,新疆卷,done,../../papers/2011/生物/全国/新疆理综/2011_生物_新疆理综_原卷.pdf,../../papers/2011/生物/全国/新疆理综/2011_生物_新疆理综_OCR与考点.md,,pypdf,5
2011,政治,北京,老高考,2020,地方/区域卷,local,北京卷,done,../../papers/2011/政治/北京/北京文综/2011_政治_北京文综_原卷.pdf,../../papers/2011/政治/北京/北京文综/2011_政治_北京文综_OCR与考点.md,,pypdf,7
2011,政治,天津,老高考,2020,地方/区域卷,local,天津卷,done,../../papers/2011/政治/天津/天津文综/2011_政治_天津文综_原卷.pdf,../../papers/2011/政治/天津/天津文综/2011_政治_天津文综_OCR与考点.md,,pypdf,5
2011,政治,河北,老高考,2021,全国卷,common,河北卷,done,../../papers/2011/政治/全国/河北文综/2011_政治_河北文综_原卷.pdf,../../papers/2011/政治/全国/河北文综/2011_政治_河北文综_OCR与考点.md,,pypdf,6
2011,政治,山西,老高考,2025,全国卷,common,山西卷,done,../../papers/2011/政治/全国/山西文综/2011_政治_山西文综_原卷.pdf,../../papers/2011/政治/全国/山西文综/2011_政治_山西文综_OCR与考点.md,,pypdf,6
2011,政治,内蒙古,老高考,2025,全国卷,common,全国Ⅱ卷,done,../../papers/2011/政治/全国/全国Ⅱ卷文综/2011_政治_全国Ⅱ卷文综_原卷.pdf,../../papers/2011/政治/全国/全国Ⅱ卷文综/2011_政治_全国Ⅱ卷文综_OCR与考点.md,,pypdf,7
2011,政治,辽宁,老高考,2021,全国卷,common,辽宁卷,done,../../papers/2011/政治/全国/辽宁文综/2011_政治_辽宁文综_原卷.pdf,../../papers/2011/政治/全国/辽宁文综/2011_政治_辽宁文综_OCR与考点.md,,pypdf,6
2011,政治,吉林,老高考,2024,全国卷,common,吉林卷,done,../../papers/2011/政治/全国/吉林文综/2011_政治_吉林文综_原卷.pdf,../../papers/2011/政治/全国/吉林文综/2011_政治_吉林文综_OCR与考点.md,,pypdf,6
2011,政治,黑龙江,老高考,2024,全国卷,common,黑龙江卷,done,../../papers/2011/政治/全国/黑龙江文综/2011_政治_黑龙江文综_原卷.pdf,../../papers/2011/政治/全国/黑龙江文综/2011_政治_黑龙江文综_OCR与考点.md,,pypdf,6
2011,政治,上海,老高考,2017,地方/区域卷,local,上海卷,done,../../papers/2011/政治/上海/上海文综/2011_政治_上海文综_原卷.pdf,../../papers/2011/政治/上海/上海文综/2011_政治_上海文综_OCR与考点.md,,pypdf,8
2011,政治,江苏,老高考,2021,地方/区域卷,local,江苏卷,done,../../papers/2011/政治/江苏/江苏文综/2011_政治_江苏文综_原卷.pdf,../../papers/2011/政治/江苏/江苏文综/2011_政治_江苏文综_OCR与考点.md,,pypdf,10
2011,政治,浙江,老高考,2017,地方/区域卷,local,浙江卷,done,../../papers/2011/政治/浙江/浙江文综/2011_政治_浙江文综_原卷.pdf,../../papers/2011/政治/浙江/浙江文综/2011_政治_浙江文综_OCR与考点.md,,pypdf,4
2011,政治,安徽,老高考,2024,,missing,,missing,,,,,
2011,政治,福建,老高考,2021,,missing,,missing,,,,,
2011,政治,江西,老高考,2024,全国卷,common,江西卷,done,../../papers/2011/政治/全国/江西文综/2011_政治_江西文综_原卷.pdf,../../papers/2011/政治/全国/江西文综/2011_政治_江西文综_OCR与考点.md,,pypdf,6
2011,政治,山东,老高考,2020,地方/区域卷,local,山东卷,done,../../papers/2011/政治/山东/山东文综/2011_政治_山东文综_原卷.pdf,../../papers/2011/政治/山东/山东文综/2011_政治_山东文综_OCR与考点.md,,pypdf,3
2011,政治,河南,老高考,2025,全国卷,common,河南卷,done,../../papers/2011/政治/全国/河南文综/2011_政治_河南文综_原卷.pdf,../../papers/2011/政治/全国/河南文综/2011_政治_河南文综_OCR与考点.md,,pypdf,6
2011,政治,湖北,老高考,2021,全国卷,common,湖北卷,done,../../papers/2011/政治/全国/湖北文综/2011_政治_湖北文综_原卷.pdf,../../papers/2011/政治/全国/湖北文综/2011_政治_湖北文综_OCR与考点.md,,pypdf,6
2011,政治,湖南,老高考,2021,全国卷,common,湖南卷,done,../../papers/2011/政治/全国/湖南文综/2011_政治_湖南文综_原卷.pdf,../../papers/2011/政治/全国/湖南文综/2011_政治_湖南文综_OCR与考点.md,,pypdf,6
2011,政治,广东,老高考,2021,地方/区域卷,local,广东卷,done,../../papers/2011/政治/广东/广东文综/2011_政治_广东文综_原卷.pdf,../../papers/2011/政治/广东/广东文综/2011_政治_广东文综_OCR与考点.md,,pypdf,4
2011,政治,广西,老高考,2024,全国卷,common,广西卷,done,../../papers/2011/政治/全国/广西文综/2011_政治_广西文综_原卷.pdf,../../papers/2011/政治/全国/广西文综/2011_政治_广西文综_OCR与考点.md,,pypdf,6
2011,政治,海南,老高考,2020,地方/区域卷,local,海南卷,done,../../papers/2011/政治/海南/海南文综/2011_政治_海南文综_原卷.pdf,../../papers/2011/政治/海南/海南文综/2011_政治_海南文综_OCR与考点.md,,pypdf,7
2011,政治,重庆,老高考,2021,,missing,,missing,,,,,
2011,政治,四川,老高考,2025,地方/区域卷,local,四川卷,done,../../papers/2011/政治/四川/四川文综/2011_政治_四川文综_原卷.pdf,../../papers/2011/政治/四川/四川文综/2011_政治_四川文综_OCR与考点.md,,pypdf,4
2011,政治,贵州,老高考,2024,全国卷,common,全国Ⅱ卷,done,../../papers/2011/政治/全国/全国Ⅱ卷文综/2011_政治_全国Ⅱ卷文综_原卷.pdf,../../papers/2011/政治/全国/全国Ⅱ卷文综/2011_政治_全国Ⅱ卷文综_OCR与考点.md,,pypdf,7
2011,政治,云南,老高考,2025,全国卷,common,云南卷,done,../../papers/2011/政治/全国/云南文综/2011_政治_云南文综_原卷.pdf,../../papers/2011/政治/全国/云南文综/2011_政治_云南文综_OCR与考点.md,,pypdf,6
2011,政治,西藏,老高考,,全国卷,common,西藏卷,done,../../papers/2011/政治/全国/西藏文综/2011_政治_西藏文综_原卷.pdf,../../papers/2011/政治/全国/西藏文综/2011_政治_西藏文综_OCR与考点.md,,pypdf,6
2011,政治,陕西,老高考,2025,全国卷,common,陕西卷,done,../../papers/2011/政治/全国/陕西文综/2011_政治_陕西文综_原卷.pdf,../../papers/2011/政治/全国/陕西文综/2011_政治_陕西文综_OCR与考点.md,,pypdf,6
2011,政治,甘肃,老高考,2024,全国卷,common,全国Ⅱ卷,done,../../papers/2011/政治/全国/全国Ⅱ卷文综/2011_政治_全国Ⅱ卷文综_原卷.pdf,../../papers/2011/政治/全国/全国Ⅱ卷文综/2011_政治_全国Ⅱ卷文综_OCR与考点.md,,pypdf,7
2011,政治,青海,老高考,2025,全国卷,common,全国Ⅱ卷,done,../../papers/2011/政治/全国/全国Ⅱ卷文综/2011_政治_全国Ⅱ卷文综_原卷.pdf,../../papers/2011/政治/全国/全国Ⅱ卷文综/2011_政治_全国Ⅱ卷文综_OCR与考点.md,,pypdf,7
2011,政治,宁夏,老高考,2025,全国卷,common,宁夏卷,done,../../papers/2011/政治/全国/宁夏文综/2011_政治_宁夏文综_原卷.pdf,../../papers/2011/政治/全国/宁夏文综/2011_政治_宁夏文综_OCR与考点.md,,pypdf,6
2011,政治,新疆,老高考,,全国卷,common,新疆卷,done,../../papers/2011/政治/全国/新疆文综/2011_政治_新疆文综_原卷.pdf,../../papers/2011/政治/全国/新疆文综/2011_政治_新疆文综_OCR与考点.md,,pypdf,6
2011,历史,北京,老高考,2020,地方/区域卷,local,北京卷,done,../../papers/2011/历史/北京/北京文综/2011_历史_北京文综_原卷.pdf,../../papers/2011/历史/北京/北京文综/2011_历史_北京文综_OCR与考点.md,,pypdf,6
2011,历史,天津,老高考,2020,地方/区域卷,local,天津卷,done,../../papers/2011/历史/天津/天津文综/2011_历史_天津文综_原卷.pdf,../../papers/2011/历史/天津/天津文综/2011_历史_天津文综_OCR与考点.md,,pypdf,7
2011,历史,河北,老高考,2021,全国卷,common,河北卷,done,../../papers/2011/历史/全国/河北文综/2011_历史_河北文综_原卷.pdf,../../papers/2011/历史/全国/河北文综/2011_历史_河北文综_OCR与考点.md,,pypdf,10
2011,历史,山西,老高考,2025,全国卷,common,山西卷,done,../../papers/2011/历史/全国/山西文综/2011_历史_山西文综_原卷.pdf,../../papers/2011/历史/全国/山西文综/2011_历史_山西文综_OCR与考点.md,,pypdf,10
2011,历史,内蒙古,老高考,2025,全国卷,common,内蒙古卷,done,../../papers/2011/历史/全国/内蒙古文综/2011_历史_内蒙古文综_原卷.pdf,../../papers/2011/历史/全国/内蒙古文综/2011_历史_内蒙古文综_OCR与考点.md,,pypdf,6
2011,历史,辽宁,老高考,2021,全国卷,common,辽宁卷,done,../../papers/2011/历史/全国/辽宁文综/2011_历史_辽宁文综_原卷.pdf,../../papers/2011/历史/全国/辽宁文综/2011_历史_辽宁文综_OCR与考点.md,,pypdf,10
2011,历史,吉林,老高考,2024,全国卷,common,吉林卷,done,../../papers/2011/历史/全国/吉林文综/2011_历史_吉林文综_原卷.pdf,../../papers/2011/历史/全国/吉林文综/2011_历史_吉林文综_OCR与考点.md,,pypdf,10
2011,历史,黑龙江,老高考,2024,全国卷,common,黑龙江卷,done,../../papers/2011/历史/全国/黑龙江文综/2011_历史_黑龙江文综_原卷.pdf,../../papers/2011/历史/全国/黑龙江文综/2011_历史_黑龙江文综_OCR与考点.md,,pypdf,10
2011,历史,上海,老高考,2017,地方/区域卷,local,上海卷,done,../../papers/2011/历史/上海/上海文综/2011_历史_上海文综_原卷.pdf,../../papers/2011/历史/上海/上海文综/2011_历史_上海文综_OCR与考点.md,,pypdf,10
2011,历史,江苏,老高考,2021,地方/区域卷,local,江苏卷,done,../../papers/2011/历史/江苏/江苏文综/2011_历史_江苏文综_原卷.pdf,../../papers/2011/历史/江苏/江苏文综/2011_历史_江苏文综_OCR与考点.md,,pypdf,11
2011,历史,浙江,老高考,2017,地方/区域卷,local,浙江卷,done,../../papers/2011/历史/浙江/浙江文综/2011_历史_浙江文综_原卷.pdf,../../papers/2011/历史/浙江/浙江文综/2011_历史_浙江文综_OCR与考点.md,,pypdf,5
2011,历史,安徽,老高考,2024,,missing,,missing,,,,,
2011,历史,福建,老高考,2021,,missing,,missing,,,,,
2011,历史,江西,老高考,2024,全国卷,common,江西卷,done,../../papers/2011/历史/全国/江西文综/2011_历史_江西文综_原卷.pdf,../../papers/2011/历史/全国/江西文综/2011_历史_江西文综_OCR与考点.md,,pypdf,10
2011,历史,山东,老高考,2020,地方/区域卷,local,山东卷,done,../../papers/2011/历史/山东/山东文综/2011_历史_山东文综_原卷.pdf,../../papers/2011/历史/山东/山东文综/2011_历史_山东文综_OCR与考点.md,,pypdf,6
2011,历史,河南,老高考,2025,全国卷,common,河南卷,done,../../papers/2011/历史/全国/河南文综/2011_历史_河南文综_原卷.pdf,../../papers/2011/历史/全国/河南文综/2011_历史_河南文综_OCR与考点.md,,pypdf,10
2011,历史,湖北,老高考,2021,全国卷,common,湖北卷,done,../../papers/2011/历史/全国/湖北文综/2011_历史_湖北文综_原卷.pdf,../../papers/2011/历史/全国/湖北文综/2011_历史_湖北文综_OCR与考点.md,,pypdf,10
2011,历史,湖南,老高考,2021,全国卷,common,湖南卷,done,../../papers/2011/历史/全国/湖南文综/2011_历史_湖南文综_原卷.pdf,../../papers/2011/历史/全国/湖南文综/2011_历史_湖南文综_OCR与考点.md,,pypdf,10
2011,历史,广东,老高考,2021,地方/区域卷,local,广东卷,done,../../papers/2011/历史/广东/广东文综/2011_历史_广东文综_原卷.pdf,../../papers/2011/历史/广东/广东文综/2011_历史_广东文综_OCR与考点.md,,pypdf,4
2011,历史,广西,老高考,2024,全国卷,common,广西卷,done,../../papers/2011/历史/全国/广西文综/2011_历史_广西文综_原卷.pdf,../../papers/2011/历史/全国/广西文综/2011_历史_广西文综_OCR与考点.md,,pypdf,10
2011,历史,海南,老高考,2020,地方/区域卷,local,海南卷,done,../../papers/2011/历史/海南/海南文综/2011_历史_海南文综_原卷.pdf,../../papers/2011/历史/海南/海南文综/2011_历史_海南文综_OCR与考点.md,,pypdf,11
2011,历史,重庆,老高考,2021,,missing,,missing,,,,,
2011,历史,四川,老高考,2025,地方/区域卷,local,四川卷,done,../../papers/2011/历史/四川/四川文综/2011_历史_四川文综_原卷.pdf,../../papers/2011/历史/四川/四川文综/2011_历史_四川文综_OCR与考点.md,,pypdf,4
2011,历史,贵州,老高考,2024,,missing,,missing,,,,,
2011,历史,云南,老高考,2025,全国卷,common,云南卷,done,../../papers/2011/历史/全国/云南文综/2011_历史_云南文综_原卷.pdf,../../papers/2011/历史/全国/云南文综/2011_历史_云南文综_OCR与考点.md,,pypdf,10
2011,历史,西藏,老高考,,全国卷,common,西藏卷,done,../../papers/2011/历史/全国/西藏文综/2011_历史_西藏文综_原卷.pdf,../../papers/2011/历史/全国/西藏文综/2011_历史_西藏文综_OCR与考点.md,,pypdf,10
2011,历史,陕西,老高考,2025,全国卷,common,陕西卷,done,../../papers/2011/历史/全国/陕西文综/2011_历史_陕西文综_原卷.pdf,../../papers/2011/历史/全国/陕西文综/2011_历史_陕西文综_OCR与考点.md,,pypdf,10
2011,历史,甘肃,老高考,2024,全国卷,common,甘肃卷,done,../../papers/2011/历史/全国/甘肃文综/2011_历史_甘肃文综_原卷.pdf,../../papers/2011/历史/全国/甘肃文综/2011_历史_甘肃文综_OCR与考点.md,,pypdf,6
2011,历史,青海,老高考,2025,全国卷,common,青海卷,done,../../papers/2011/历史/全国/青海文综/2011_历史_青海文综_原卷.pdf,../../papers/2011/历史/全国/青海文综/2011_历史_青海文综_OCR与考点.md,,pypdf,6
2011,历史,宁夏,老高考,2025,全国卷,common,宁夏卷,done,../../papers/2011/历史/全国/宁夏文综/2011_历史_宁夏文综_原卷.pdf,../../papers/2011/历史/全国/宁夏文综/2011_历史_宁夏文综_OCR与考点.md,,pypdf,10
2011,历史,新疆,老高考,,全国卷,common,新疆卷,done,../../papers/2011/历史/全国/新疆文综/2011_历史_新疆文综_原卷.pdf,../../papers/2011/历史/全国/新疆文综/2011_历史_新疆文综_OCR与考点.md,,pypdf,10
2011,地理,北京,老高考,2020,地方/区域卷,local,北京卷,done,../../papers/2011/地理/北京/北京文综/2011_地理_北京文综_原卷.pdf,../../papers/2011/地理/北京/北京文综/2011_地理_北京文综_OCR与考点.md,,pypdf,6
2011,地理,天津,老高考,2020,地方/区域卷,local,天津卷,done,../../papers/2011/地理/天津/天津文综/2011_地理_天津文综_原卷.pdf,../../papers/2011/地理/天津/天津文综/2011_地理_天津文综_OCR与考点.md,,pypdf,6
2011,地理,河北,老高考,2021,全国卷,common,河北卷,done,../../papers/2011/地理/全国/河北文综/2011_地理_河北文综_原卷.pdf,../../papers/2011/地理/全国/河北文综/2011_地理_河北文综_OCR与考点.md,,pypdf,6
2011,地理,山西,老高考,2025,全国卷,common,山西卷,done,../../papers/2011/地理/全国/山西文综/2011_地理_山西文综_原卷.pdf,../../papers/2011/地理/全国/山西文综/2011_地理_山西文综_OCR与考点.md,,pypdf,6
2011,地理,内蒙古,老高考,2025,全国卷,common,内蒙古卷,done,../../papers/2011/地理/全国/内蒙古文综/2011_地理_内蒙古文综_原卷.pdf,../../papers/2011/地理/全国/内蒙古文综/2011_地理_内蒙古文综_OCR与考点.md,,pypdf,5
2011,地理,辽宁,老高考,2021,全国卷,common,辽宁卷,done,../../papers/2011/地理/全国/辽宁文综/2011_地理_辽宁文综_原卷.pdf,../../papers/2011/地理/全国/辽宁文综/2011_地理_辽宁文综_OCR与考点.md,,pypdf,6
2011,地理,吉林,老高考,2024,全国卷,common,吉林卷,done,../../papers/2011/地理/全国/吉林文综/2011_地理_吉林文综_原卷.pdf,../../papers/2011/地理/全国/吉林文综/2011_地理_吉林文综_OCR与考点.md,,pypdf,6
2011,地理,黑龙江,老高考,2024,全国卷,common,黑龙江卷,done,../../papers/2011/地理/全国/黑龙江文综/2011_地理_黑龙江文综_原卷.pdf,../../papers/2011/地理/全国/黑龙江文综/2011_地理_黑龙江文综_OCR与考点.md,,pypdf,6
2011,地理,上海,老高考,2017,地方/区域卷,local,上海卷,done,../../papers/2011/地理/上海/上海文综/2011_地理_上海文综_原卷.pdf,../../papers/2011/地理/上海/上海文综/2011_地理_上海文综_OCR与考点.md,,pypdf,15
2011,地理,江苏,老高考,2021,地方/区域卷,local,江苏卷,done,../../papers/2011/地理/江苏/江苏文综/2011_地理_江苏文综_原卷.pdf,../../papers/2011/地理/江苏/江苏文综/2011_地理_江苏文综_OCR与考点.md,,pypdf,17
2011,地理,浙江,老高考,2017,地方/区域卷,local,浙江卷,done,../../papers/2011/地理/浙江/浙江文综/2011_地理_浙江文综_原卷.pdf,../../papers/2011/地理/浙江/浙江文综/2011_地理_浙江文综_OCR与考点.md,,pypdf,5
2011,地理,安徽,老高考,2024,,missing,,missing,,,,,
2011,地理,福建,老高考,2021,,missing,,missing,,,,,
2011,地理,江西,老高考,2024,全国卷,common,江西卷,done,../../papers/2011/地理/全国/江西文综/2011_地理_江西文综_原卷.pdf,../../papers/2011/地理/全国/江西文综/2011_地理_江西文综_OCR与考点.md,,pypdf,6
2011,地理,山东,老高考,2020,地方/区域卷,local,山东卷,done,../../papers/2011/地理/山东/山东文综/2011_地理_山东文综_原卷.pdf,../../papers/2011/地理/山东/山东文综/2011_地理_山东文综_OCR与考点.md,,pypdf,6
2011,地理,河南,老高考,2025,全国卷,common,河南卷,done,../../papers/2011/地理/全国/河南文综/2011_地理_河南文综_原卷.pdf,../../papers/2011/地理/全国/河南文综/2011_地理_河南文综_OCR与考点.md,,pypdf,6
2011,地理,湖北,老高考,2021,全国卷,common,湖北卷,done,../../papers/2011/地理/全国/湖北文综/2011_地理_湖北文综_原卷.pdf,../../papers/2011/地理/全国/湖北文综/2011_地理_湖北文综_OCR与考点.md,,pypdf,6
2011,地理,湖南,老高考,2021,全国卷,common,湖南卷,done,../../papers/2011/地理/全国/湖南文综/2011_地理_湖南文综_原卷.pdf,../../papers/2011/地理/全国/湖南文综/2011_地理_湖南文综_OCR与考点.md,,pypdf,6
2011,地理,广东,老高考,2021,地方/区域卷,local,广东卷,done,../../papers/2011/地理/广东/广东文综/2011_地理_广东文综_原卷.pdf,../../papers/2011/地理/广东/广东文综/2011_地理_广东文综_OCR与考点.md,,pypdf,6
2011,地理,广西,老高考,2024,全国卷,common,广西卷,done,../../papers/2011/地理/全国/广西文综/2011_地理_广西文综_原卷.pdf,../../papers/2011/地理/全国/广西文综/2011_地理_广西文综_OCR与考点.md,,pypdf,6
2011,地理,海南,老高考,2020,地方/区域卷,local,海南卷,done,../../papers/2011/地理/海南/海南文综/2011_地理_海南文综_原卷.pdf,../../papers/2011/地理/海南/海南文综/2011_地理_海南文综_OCR与考点.md,,pypdf,7
2011,地理,重庆,老高考,2021,,missing,,missing,,,,,
2011,地理,四川,老高考,2025,地方/区域卷,local,四川卷,done,../../papers/2011/地理/四川/四川文综/2011_地理_四川文综_原卷.pdf,../../papers/2011/地理/四川/四川文综/2011_地理_四川文综_OCR与考点.md,,pypdf,7
2011,地理,贵州,老高考,2024,全国卷,common,贵州卷,done,../../papers/2011/地理/全国/贵州文综/2011_地理_贵州文综_原卷.pdf,../../papers/2011/地理/全国/贵州文综/2011_地理_贵州文综_OCR与考点.md,,pypdf,5
2011,地理,云南,老高考,2025,全国卷,common,云南卷,done,../../papers/2011/地理/全国/云南文综/2011_地理_云南文综_原卷.pdf,../../papers/2011/地理/全国/云南文综/2011_地理_云南文综_OCR与考点.md,,pypdf,6
2011,地理,西藏,老高考,,全国卷,common,西藏卷,done,../../papers/2011/地理/全国/西藏文综/2011_地理_西藏文综_原卷.pdf,../../papers/2011/地理/全国/西藏文综/2011_地理_西藏文综_OCR与考点.md,,pypdf,6
2011,地理,陕西,老高考,2025,全国卷,common,陕西卷,done,../../papers/2011/地理/全国/陕西文综/2011_地理_陕西文综_原卷.pdf,../../papers/2011/地理/全国/陕西文综/2011_地理_陕西文综_OCR与考点.md,,pypdf,6
2011,地理,甘肃,老高考,2024,全国卷,common,甘肃卷,done,../../papers/2011/地理/全国/甘肃文综/2011_地理_甘肃文综_原卷.pdf,../../papers/2011/地理/全国/甘肃文综/2011_地理_甘肃文综_OCR与考点.md,,pypdf,5
2011,地理,青海,老高考,2025,全国卷,common,青海卷,done,../../papers/2011/地理/全国/青海文综/2011_地理_青海文综_原卷.pdf,../../papers/2011/地理/全国/青海文综/2011_地理_青海文综_OCR与考点.md,,pypdf,5
2011,地理,宁夏,老高考,2025,全国卷,common,宁夏卷,done,../../papers/2011/地理/全国/宁夏文综/2011_地理_宁夏文综_原卷.pdf,../../papers/2011/地理/全国/宁夏文综/2011_地理_宁夏文综_OCR与考点.md,,pypdf,6
2011,地理,新疆,老高考,,全国卷,common,新疆卷,done,../../papers/2011/地理/全国/新疆文综/2011_地理_新疆文综_原卷.pdf,../../papers/2011/地理/全国/新疆文综/2011_地理_新疆文综_OCR与考点.md,,pypdf,6
