地区,年份,高考模式,改革起始年,语数外卷型,综合/选考卷型,缺失科目数
北京,2008,老高考,2020,北京卷,北京卷,0
北京,2009,老高考,2020,北京卷,北京卷,0
北京,2010,老高考,2020,北京卷,北京卷,0
北京,2011,老高考,2020,北京卷,北京卷,0
北京,2012,老高考,2020,北京卷,北京卷,0
北京,2013,老高考,2020,北京卷,北京卷,0
北京,2014,老高考,2020,北京卷,北京卷,0
北京,2015,老高考,2020,北京卷,北京卷,0
北京,2016,老高考,2020,北京卷,北京卷,0
北京,2017,老高考,2020,北京卷,北京卷,0
北京,2018,老高考,2020,北京卷,北京卷,0
北京,2019,老高考,2020,北京卷,北京卷,0
北京,2020,新高考,2020,北京卷,北京卷,0
北京,2021,新高考,2020,北京卷,北京卷,0
北京,2022,新高考,2020,北京卷,北京卷,1
北京,2023,新高考,2020,北京卷,北京卷,0
北京,2024,新高考,2020,北京卷,北京卷,0
北京,2025,新高考,2020,北京卷,北京卷,0
北京,2026,新高考,2020,未检出,北京卷,8
天津,2008,老高考,2020,天津卷,天津卷,0
天津,2009,老高考,2020,天津卷,天津卷,0
天津,2010,老高考,2020,天津卷,天津卷,0
天津,2011,老高考,2020,天津卷,天津卷,0
天津,2012,老高考,2020,天津卷,天津卷,0
天津,2013,老高考,2020,天津卷,天津卷,0
天津,2014,老高考,2020,天津卷,天津卷,0
天津,2015,老高考,2020,天津卷,天津卷,0
天津,2016,老高考,2020,天津卷,天津卷,0
天津,2017,老高考,2020,天津卷,天津卷,0
天津,2018,老高考,2020,天津卷,天津卷,0
天津,2019,老高考,2020,天津卷,天津卷,0
天津,2020,新高考,2020,天津卷,天津卷,0
天津,2021,新高考,2020,天津卷,天津卷,0
天津,2022,新高考,2020,天津卷,天津卷,0
天津,2023,新高考,2020,天津卷,天津卷,0
天津,2024,新高考,2020,天津卷,未检出,8
天津,2025,新高考,2020,天津卷,天津卷,6
天津,2026,新高考,2020,天津卷,天津卷,7
河北,2008,老高考,2021,全国Ⅰ卷 / 河北卷,全国Ⅰ卷 / 河北卷,0
河北,2009,老高考,2021,全国Ⅰ卷 / 河北卷,全国Ⅰ卷 / 河北卷,0
河北,2010,老高考,2021,全国Ⅰ卷 / 新课标全国Ⅰ卷,全国Ⅰ卷 / 河北卷,0
河北,2011,老高考,2021,全国Ⅱ卷 / 河北卷,河北卷,0
河北,2012,老高考,2021,河北卷,河北卷,0
河北,2013,老高考,2021,新课标全国Ⅰ卷,新课标全国Ⅰ卷,0
河北,2014,老高考,2021,新课标全国Ⅰ卷,新课标全国Ⅰ卷,0
河北,2015,老高考,2021,新课标全国Ⅰ卷,新课标全国Ⅰ卷,0
河北,2016,老高考,2021,新课标全国Ⅰ卷,新课标全国Ⅰ卷,0
河北,2017,老高考,2021,新课标全国Ⅰ卷,新课标全国Ⅰ卷,0
河北,2018,老高考,2021,新课标全国Ⅰ卷,新课标全国Ⅰ卷,0
河北,2019,老高考,2021,新课标全国Ⅰ卷,新课标全国Ⅰ卷,0
河北,2020,老高考,2021,新课标全国Ⅰ卷,新课标全国Ⅰ卷,0
河北,2021,新高考,2021,新高考全国Ⅰ卷,河北卷,0
河北,2022,新高考,2021,新高考全国Ⅰ卷,河北卷,1
河北,2023,新高考,2021,新高考全国Ⅰ卷,河北卷,0
河北,2024,新高考,2021,新高考全国Ⅰ卷,河北卷,3
河北,2025,新高考,2021,新高考全国Ⅰ卷,河北卷,0
河北,2026,新高考,2021,新高考全国Ⅰ卷,河北卷,1
山西,2008,老高考,2025,全国Ⅰ卷 / 山西卷,全国Ⅰ卷 / 山西卷,0
山西,2009,老高考,2025,全国Ⅰ卷 / 山西卷,全国Ⅰ卷 / 山西卷,0
山西,2010,老高考,2025,全国Ⅰ卷 / 新课标全国Ⅰ卷,全国Ⅰ卷 / 山西卷,0
山西,2011,老高考,2025,全国Ⅱ卷 / 山西卷,山西卷,0
山西,2012,老高考,2025,山西卷,山西卷,0
山西,2013,老高考,2025,新课标全国Ⅰ卷,新课标全国Ⅰ卷,0
山西,2014,老高考,2025,新课标全国Ⅰ卷,新课标全国Ⅰ卷,0
山西,2015,老高考,2025,新课标全国Ⅰ卷,新课标全国Ⅰ卷,0
山西,2016,老高考,2025,新课标全国Ⅰ卷,新课标全国Ⅰ卷,0
山西,2017,老高考,2025,新课标全国Ⅰ卷,新课标全国Ⅰ卷,0
山西,2018,老高考,2025,新课标全国Ⅰ卷,新课标全国Ⅰ卷,0
山西,2019,老高考,2025,新课标全国Ⅰ卷,新课标全国Ⅰ卷,0
山西,2020,老高考,2025,新课标全国Ⅰ卷,新课标全国Ⅰ卷,0
山西,2021,老高考,2025,全国乙卷 / 新课标全国Ⅰ卷,全国乙卷,0
山西,2022,老高考,2025,全国乙卷,全国乙卷,0
山西,2023,老高考,2025,新课标全国Ⅱ卷,山西卷,0
山西,2024,老高考,2025,新课标全国Ⅱ卷,山西卷,0
山西,2025,新高考,2025,新高考全国Ⅱ卷,山西卷,1
山西,2026,新高考,2025,新高考全国Ⅱ卷,山西卷 / 陕西卷,0
内蒙古,2008,老高考,2025,全国Ⅱ卷 / 内蒙古卷,全国Ⅱ卷 / 内蒙古卷,0
内蒙古,2009,老高考,2025,全国Ⅱ卷 / 内蒙古卷,全国Ⅱ卷 / 内蒙古卷,0
内蒙古,2010,老高考,2025,全国Ⅱ卷 / 内蒙古卷 / 新课标全国Ⅱ卷,全国Ⅱ卷 / 内蒙古卷,0
内蒙古,2011,老高考,2025,全国Ⅱ卷 / 内蒙古卷,全国Ⅱ卷 / 内蒙古卷,0
内蒙古,2012,老高考,2025,内蒙古卷,内蒙古卷,0
内蒙古,2013,老高考,2025,新课标全国Ⅱ卷,新课标全国Ⅱ卷,0
内蒙古,2014,老高考,2025,新课标全国Ⅱ卷,新课标全国Ⅱ卷,0
内蒙古,2015,老高考,2025,新课标全国Ⅱ卷,新课标全国Ⅱ卷,0
内蒙古,2016,老高考,2025,新课标全国Ⅱ卷,新课标全国Ⅱ卷,0
内蒙古,2017,老高考,2025,新课标全国Ⅱ卷,新课标全国Ⅱ卷,0
内蒙古,2018,老高考,2025,新课标全国Ⅱ卷,新课标全国Ⅱ卷,0
内蒙古,2019,老高考,2025,新课标全国Ⅱ卷,新课标全国Ⅱ卷,0
内蒙古,2020,老高考,2025,新课标全国Ⅱ卷,新课标全国Ⅱ卷,0
内蒙古,2021,老高考,2025,全国乙卷 / 新课标全国Ⅰ卷,全国乙卷,0
内蒙古,2022,老高考,2025,全国乙卷,全国乙卷,0
内蒙古,2023,老高考,2025,全国乙卷,全国乙卷,0
内蒙古,2024,老高考,2025,全国甲卷,全国甲卷,1
内蒙古,2025,新高考,2025,新高考全国Ⅱ卷,内蒙古卷,0
内蒙古,2026,新高考,2025,新高考全国Ⅱ卷,内蒙古卷 / 辽宁卷,1
辽宁,2008,老高考,2021,辽宁卷,未检出,8
辽宁,2009,老高考,2021,辽宁卷,未检出,8
辽宁,2010,老高考,2021,辽宁卷,辽宁卷,2
辽宁,2011,老高考,2021,辽宁卷,辽宁卷,2
辽宁,2012,老高考,2021,辽宁卷,辽宁卷,0
辽宁,2013,老高考,2021,辽宁卷,新课标全国Ⅱ卷,0
辽宁,2014,老高考,2021,辽宁卷,新课标全国Ⅱ卷,0
辽宁,2015,老高考,2021,新课标全国Ⅱ卷,新课标全国Ⅱ卷,0
辽宁,2016,老高考,2021,新课标全国Ⅱ卷,新课标全国Ⅱ卷,0
辽宁,2017,老高考,2021,新课标全国Ⅱ卷,新课标全国Ⅱ卷,0
辽宁,2018,老高考,2021,新课标全国Ⅱ卷,新课标全国Ⅱ卷,0
辽宁,2019,老高考,2021,新课标全国Ⅱ卷,新课标全国Ⅱ卷,0
辽宁,2020,老高考,2021,新课标全国Ⅱ卷,新课标全国Ⅱ卷,0
辽宁,2021,新高考,2021,新高考全国Ⅱ卷,辽宁卷,0
辽宁,2022,新高考,2021,新高考全国Ⅱ卷,辽宁卷,0
辽宁,2023,新高考,2021,新高考全国Ⅱ卷,辽宁卷,0
辽宁,2024,新高考,2021,新高考全国Ⅱ卷,辽宁卷,0
辽宁,2025,新高考,2021,新高考全国Ⅱ卷,内蒙古卷 / 辽宁卷,0
辽宁,2026,新高考,2021,新高考全国Ⅱ卷,辽宁卷,1
吉林,2008,老高考,2024,全国Ⅱ卷 / 吉林卷,全国Ⅱ卷 / 吉林卷,0
吉林,2009,老高考,2024,全国Ⅱ卷 / 吉林卷,全国Ⅱ卷 / 吉林卷,0
吉林,2010,老高考,2024,吉林卷 / 新课标全国Ⅱ卷,吉林卷 / 新课标全国Ⅰ卷,0
吉林,2011,老高考,2024,吉林卷,吉林卷,0
吉林,2012,老高考,2024,吉林卷,吉林卷,0
吉林,2013,老高考,2024,新课标全国Ⅱ卷,新课标全国Ⅱ卷,0
吉林,2014,老高考,2024,新课标全国Ⅱ卷,新课标全国Ⅱ卷,0
吉林,2015,老高考,2024,新课标全国Ⅱ卷,新课标全国Ⅱ卷,0
吉林,2016,老高考,2024,新课标全国Ⅱ卷,新课标全国Ⅱ卷,0
吉林,2017,老高考,2024,新课标全国Ⅱ卷,新课标全国Ⅱ卷,0
吉林,2018,老高考,2024,新课标全国Ⅱ卷,新课标全国Ⅱ卷,0
吉林,2019,老高考,2024,新课标全国Ⅱ卷,新课标全国Ⅱ卷,0
吉林,2020,老高考,2024,新课标全国Ⅱ卷,新课标全国Ⅱ卷,0
吉林,2021,老高考,2024,全国乙卷 / 新课标全国Ⅰ卷,全国乙卷,0
吉林,2022,老高考,2024,全国乙卷,全国乙卷,0
吉林,2023,老高考,2024,新课标全国Ⅱ卷,吉林卷,0
吉林,2024,新高考,2024,新高考全国Ⅱ卷,辽宁卷,0
吉林,2025,新高考,2024,新高考全国Ⅱ卷,内蒙古卷 / 吉林卷,0
吉林,2026,新高考,2024,新高考全国Ⅱ卷,吉林卷 / 辽宁卷,1
黑龙江,2008,老高考,2024,全国Ⅱ卷 / 黑龙江卷,全国Ⅱ卷 / 黑龙江卷,0
黑龙江,2009,老高考,2024,全国Ⅱ卷 / 黑龙江卷,全国Ⅱ卷 / 黑龙江卷,0
黑龙江,2010,老高考,2024,新课标全国Ⅱ卷 / 黑龙江卷,黑龙江卷,0
黑龙江,2011,老高考,2024,黑龙江卷,黑龙江卷,0
黑龙江,2012,老高考,2024,黑龙江卷,黑龙江卷,0
黑龙江,2013,老高考,2024,新课标全国Ⅱ卷,新课标全国Ⅱ卷,0
黑龙江,2014,老高考,2024,新课标全国Ⅱ卷,新课标全国Ⅱ卷,0
黑龙江,2015,老高考,2024,新课标全国Ⅱ卷,新课标全国Ⅱ卷,0
黑龙江,2016,老高考,2024,新课标全国Ⅱ卷,新课标全国Ⅱ卷,0
黑龙江,2017,老高考,2024,新课标全国Ⅱ卷,新课标全国Ⅱ卷,0
黑龙江,2018,老高考,2024,新课标全国Ⅱ卷,新课标全国Ⅱ卷,0
黑龙江,2019,老高考,2024,新课标全国Ⅱ卷,新课标全国Ⅱ卷,0
黑龙江,2020,老高考,2024,新课标全国Ⅱ卷,新课标全国Ⅱ卷,0
黑龙江,2021,老高考,2024,全国乙卷 / 新课标全国Ⅰ卷,全国乙卷,0
黑龙江,2022,老高考,2024,全国乙卷,全国乙卷,0
黑龙江,2023,老高考,2024,新课标全国Ⅱ卷,黑龙江卷,0
黑龙江,2024,新高考,2024,新高考全国Ⅱ卷,辽宁卷,0
黑龙江,2025,新高考,2024,新高考全国Ⅱ卷,内蒙古卷 / 黑龙江卷,0
黑龙江,2026,新高考,2024,新高考全国Ⅱ卷,辽宁卷 / 黑龙江卷,1
上海,2008,老高考,2017,上海卷,上海卷,0
上海,2009,老高考,2017,上海卷,上海卷,0
上海,2010,老高考,2017,上海卷,上海卷,0
上海,2011,老高考,2017,上海卷,上海卷,0
上海,2012,老高考,2017,上海卷,上海卷,0
上海,2013,老高考,2017,上海卷,上海卷,0
上海,2014,老高考,2017,上海卷,上海卷,0
上海,2015,老高考,2017,上海卷,上海卷,0
上海,2016,老高考,2017,上海卷,上海卷,0
上海,2017,新高考,2017,上海卷,上海卷,0
上海,2018,新高考,2017,上海卷,上海卷,2
上海,2019,新高考,2017,上海卷,上海卷,1
上海,2020,新高考,2017,上海卷,上海卷,2
上海,2021,新高考,2017,上海卷,上海卷,2
上海,2022,新高考,2017,上海卷,上海卷,3
上海,2023,新高考,2017,上海卷,上海卷,4
上海,2024,新高考,2017,上海卷,上海卷,4
上海,2025,新高考,2017,上海卷,上海卷,4
上海,2026,新高考,2017,未检出,未检出,9
江苏,2008,老高考,2021,江苏卷,江苏卷,0
江苏,2009,老高考,2021,江苏卷,江苏卷,0
江苏,2010,老高考,2021,江苏卷,江苏卷,0
江苏,2011,老高考,2021,江苏卷,江苏卷,0
江苏,2012,老高考,2021,江苏卷,江苏卷,0
江苏,2013,老高考,2021,江苏卷,江苏卷,0
江苏,2014,老高考,2021,江苏卷,江苏卷,0
江苏,2015,老高考,2021,江苏卷,江苏卷,0
江苏,2016,老高考,2021,江苏卷,江苏卷,0
江苏,2017,老高考,2021,江苏卷,江苏卷,0
江苏,2018,老高考,2021,江苏卷,江苏卷,0
江苏,2019,老高考,2021,江苏卷,江苏卷,0
江苏,2020,老高考,2021,江苏卷,江苏卷,0
江苏,2021,新高考,2021,新高考全国Ⅰ卷,江苏卷,0
江苏,2022,新高考,2021,新高考全国Ⅰ卷,江苏卷,0
江苏,2023,新高考,2021,新高考全国Ⅰ卷,江苏卷,0
江苏,2024,新高考,2021,新高考全国Ⅰ卷,江苏卷,3
江苏,2025,新高考,2021,新高考全国Ⅰ卷,江苏卷,0
江苏,2026,新高考,2021,新高考全国Ⅰ卷,新高考I卷 / 江苏卷,2
浙江,2008,老高考,2017,浙江卷,浙江卷,0
浙江,2009,老高考,2017,浙江卷,浙江卷,0
浙江,2010,老高考,2017,浙江卷,浙江卷,0
浙江,2011,老高考,2017,浙江卷,浙江卷,0
浙江,2012,老高考,2017,浙江卷,浙江卷,0
浙江,2013,老高考,2017,浙江卷,浙江卷,0
浙江,2014,老高考,2017,浙江卷,浙江卷,0
浙江,2015,老高考,2017,浙江卷,浙江卷,0
浙江,2016,老高考,2017,浙江卷,浙江卷,0
浙江,2017,新高考,2017,浙江卷,浙江卷,0
浙江,2018,新高考,2017,浙江卷,浙江卷,0
浙江,2019,新高考,2017,浙江卷,浙江卷,0
浙江,2020,新高考,2017,浙江卷,浙江卷,0
浙江,2021,新高考,2017,浙江卷,浙江卷,0
浙江,2022,新高考,2017,浙江卷,浙江卷,0
浙江,2023,新高考,2017,新高考全国Ⅰ卷 / 浙江卷,浙江卷,0
浙江,2024,新高考,2017,新高考全国Ⅰ卷 / 浙江卷,浙江卷,0
浙江,2025,新高考,2017,新高考全国Ⅰ卷,浙江卷,2
浙江,2026,新高考,2017,新高考全国Ⅰ卷,浙江卷,4
安徽,2008,老高考,2024,未检出,未检出,9
安徽,2009,老高考,2024,未检出,未检出,9
安徽,2010,老高考,2024,未检出,未检出,9
安徽,2011,老高考,2024,未检出,未检出,9
安徽,2012,老高考,2024,安徽卷,安徽卷,0
安徽,2013,老高考,2024,安徽卷,安徽卷,0
安徽,2014,老高考,2024,安徽卷,安徽卷,0
安徽,2015,老高考,2024,安徽卷,安徽卷,0
安徽,2016,老高考,2024,新课标全国Ⅰ卷,新课标全国Ⅰ卷,0
安徽,2017,老高考,2024,新课标全国Ⅰ卷,新课标全国Ⅰ卷,0
安徽,2018,老高考,2024,新课标全国Ⅰ卷,新课标全国Ⅰ卷,0
安徽,2019,老高考,2024,新课标全国Ⅰ卷,新课标全国Ⅰ卷,0
安徽,2020,老高考,2024,新课标全国Ⅰ卷 / 江苏卷,新课标全国Ⅰ卷,0
安徽,2021,老高考,2024,全国乙卷 / 新课标全国Ⅰ卷,全国乙卷,0
安徽,2022,老高考,2024,全国乙卷,全国乙卷,0
安徽,2023,老高考,2024,新课标全国Ⅱ卷,安徽卷,0
安徽,2024,新高考,2024,新高考全国Ⅰ卷,安徽卷,0
安徽,2025,新高考,2024,新高考全国Ⅰ卷,安徽卷,0
安徽,2026,新高考,2024,新高考全国Ⅰ卷,安徽卷,4
福建,2008,老高考,2021,未检出,未检出,9
福建,2009,老高考,2021,未检出,未检出,9
福建,2010,老高考,2021,未检出,未检出,9
福建,2011,老高考,2021,未检出,未检出,9
福建,2012,老高考,2021,福建卷,福建卷,0
福建,2013,老高考,2021,福建卷,福建卷,0
福建,2014,老高考,2021,福建卷,福建卷,0
福建,2015,老高考,2021,福建卷,福建卷,0
福建,2016,老高考,2021,新课标全国Ⅰ卷,新课标全国Ⅰ卷,0
福建,2017,老高考,2021,新课标全国Ⅰ卷,新课标全国Ⅰ卷,0
福建,2018,老高考,2021,新课标全国Ⅰ卷,新课标全国Ⅰ卷,0
福建,2019,老高考,2021,新课标全国Ⅰ卷,新课标全国Ⅰ卷,0
福建,2020,老高考,2021,新课标全国Ⅰ卷 / 新课标全国Ⅲ卷,新课标全国Ⅰ卷,0
福建,2021,新高考,2021,新高考全国Ⅰ卷,福建卷,0
福建,2022,新高考,2021,新高考全国Ⅰ卷,福建卷,0
福建,2023,新高考,2021,新高考全国Ⅰ卷,福建卷,0
福建,2024,新高考,2021,新高考全国Ⅰ卷,福建卷,5
福建,2025,新高考,2021,新高考全国Ⅰ卷,福建卷,2
福建,2026,新高考,2021,新高考全国Ⅰ卷,新高考I卷 / 福建卷,0
江西,2008,老高考,2024,江西卷,全国Ⅰ卷 / 江西卷,2
江西,2009,老高考,2024,江西卷,全国Ⅰ卷 / 江西卷,2
江西,2010,老高考,2024,江西卷,全国Ⅰ卷 / 江西卷,2
江西,2011,老高考,2024,江西卷,江西卷,2
江西,2012,老高考,2024,江西卷,江西卷,0
江西,2013,老高考,2024,江西卷,新课标全国Ⅰ卷,0
江西,2014,老高考,2024,江西卷,新课标全国Ⅰ卷,0
江西,2015,老高考,2024,新课标全国Ⅰ卷,新课标全国Ⅰ卷,0
江西,2016,老高考,2024,新课标全国Ⅰ卷,新课标全国Ⅰ卷,0
江西,2017,老高考,2024,新课标全国Ⅰ卷,新课标全国Ⅰ卷,0
江西,2018,老高考,2024,新课标全国Ⅰ卷,新课标全国Ⅰ卷,0
江西,2019,老高考,2024,新课标全国Ⅰ卷 / 浙江卷,新课标全国Ⅰ卷,0
江西,2020,老高考,2024,新课标全国Ⅰ卷,新课标全国Ⅰ卷,0
江西,2021,老高考,2024,全国乙卷 / 新课标全国Ⅰ卷,全国乙卷,0
江西,2022,老高考,2024,全国乙卷,全国乙卷,0
江西,2023,老高考,2024,全国乙卷,全国乙卷,0
江西,2024,新高考,2024,新高考全国Ⅰ卷,江西卷,3
江西,2025,新高考,2024,新高考全国Ⅰ卷,江西卷,2
江西,2026,新高考,2024,新高考全国Ⅰ卷,江西卷,4
山东,2008,老高考,2020,山东卷,山东卷,0
山东,2009,老高考,2020,山东卷,山东卷,0
山东,2010,老高考,2020,山东卷,山东卷,0
山东,2011,老高考,2020,山东卷,山东卷,0
山东,2012,老高考,2020,山东卷,山东卷,0
山东,2013,老高考,2020,山东卷,山东卷,0
山东,2014,老高考,2020,山东卷,山东卷,0
山东,2015,老高考,2020,山东卷 / 新课标全国Ⅰ卷,山东卷,0
山东,2016,老高考,2020,山东卷 / 新课标全国Ⅰ卷,新课标全国Ⅰ卷,0
山东,2017,老高考,2020,山东卷 / 新课标全国Ⅰ卷,新课标全国Ⅰ卷,0
山东,2018,老高考,2020,新课标全国Ⅰ卷,新课标全国Ⅰ卷,0
山东,2019,老高考,2020,新课标全国Ⅰ卷,新课标全国Ⅰ卷,0
山东,2020,新高考,2020,新高考全国Ⅰ卷,山东卷,0
山东,2021,新高考,2020,新高考全国Ⅰ卷,山东卷,0
山东,2022,新高考,2020,新高考全国Ⅰ卷,山东卷,0
山东,2023,新高考,2020,新高考全国Ⅰ卷,山东卷,0
山东,2024,新高考,2020,新高考全国Ⅰ卷,山东卷,0
山东,2025,新高考,2020,新高考全国Ⅰ卷,山东卷,0
山东,2026,新高考,2020,新高考全国Ⅰ卷,山东卷,1
河南,2008,老高考,2025,全国Ⅰ卷 / 河南卷,全国Ⅰ卷 / 河南卷,0
河南,2009,老高考,2025,全国Ⅰ卷 / 河南卷,全国Ⅰ卷 / 河南卷,0
河南,2010,老高考,2025,全国Ⅰ卷 / 新课标全国Ⅰ卷,全国Ⅰ卷 / 河南卷,0
河南,2011,老高考,2025,河南卷,河南卷,0
河南,2012,老高考,2025,河南卷,河南卷,0
河南,2013,老高考,2025,新课标全国Ⅰ卷,新课标全国Ⅰ卷,0
河南,2014,老高考,2025,新课标全国Ⅰ卷,新课标全国Ⅰ卷,0
河南,2015,老高考,2025,新课标全国Ⅰ卷,新课标全国Ⅰ卷,0
河南,2016,老高考,2025,新课标全国Ⅰ卷,新课标全国Ⅰ卷,0
河南,2017,老高考,2025,新课标全国Ⅰ卷,新课标全国Ⅰ卷,0
河南,2018,老高考,2025,新课标全国Ⅰ卷,新课标全国Ⅰ卷,0
河南,2019,老高考,2025,新课标全国Ⅰ卷,新课标全国Ⅰ卷,0
河南,2020,老高考,2025,新课标全国Ⅰ卷,新课标全国Ⅰ卷,0
河南,2021,老高考,2025,全国乙卷 / 新课标全国Ⅰ卷,全国乙卷,0
河南,2022,老高考,2025,全国乙卷,全国乙卷,0
河南,2023,老高考,2025,全国乙卷,全国乙卷,0
河南,2024,老高考,2025,新课标全国Ⅰ卷,河南卷,0
河南,2025,新高考,2025,新高考全国Ⅰ卷,河南卷,0
河南,2026,新高考,2025,新高考全国Ⅰ卷,河南卷,1
湖北,2008,老高考,2021,未检出,全国Ⅰ卷 / 湖北卷,3
湖北,2009,老高考,2021,未检出,全国Ⅰ卷 / 湖北卷,3
湖北,2010,老高考,2021,未检出,全国Ⅰ卷 / 湖北卷,3
湖北,2011,老高考,2021,未检出,湖北卷,3
湖北,2012,老高考,2021,湖北卷,湖北卷,0
湖北,2013,老高考,2021,湖北卷,新课标全国Ⅰ卷,0
湖北,2014,老高考,2021,湖北卷,新课标全国Ⅰ卷,0
湖北,2015,老高考,2021,湖北卷,新课标全国Ⅰ卷,0
湖北,2016,老高考,2021,新课标全国Ⅰ卷,新课标全国Ⅰ卷,0
湖北,2017,老高考,2021,新课标全国Ⅰ卷,新课标全国Ⅰ卷,0
湖北,2018,老高考,2021,新课标全国Ⅰ卷,新课标全国Ⅰ卷,0
湖北,2019,老高考,2021,新课标全国Ⅰ卷,新课标全国Ⅰ卷,0
湖北,2020,老高考,2021,新课标全国Ⅰ卷,新课标全国Ⅰ卷,0
湖北,2021,新高考,2021,新高考全国Ⅰ卷,湖北卷,0
湖北,2022,新高考,2021,新高考全国Ⅰ卷,湖北卷,0
湖北,2023,新高考,2021,新高考全国Ⅰ卷,湖北卷,0
湖北,2024,新高考,2021,新高考全国Ⅰ卷,湖北卷 / 辽宁卷,0
湖北,2025,新高考,2021,新高考全国Ⅰ卷,湖北卷,0
湖北,2026,新高考,2021,新高考全国Ⅰ卷,湖北卷,3
湖南,2008,老高考,2021,湖南卷,全国Ⅰ卷 / 湖南卷,0
湖南,2009,老高考,2021,湖南卷,全国Ⅰ卷 / 湖南卷,0
湖南,2010,老高考,2021,湖南卷,全国Ⅰ卷 / 湖南卷,0
湖南,2011,老高考,2021,湖南卷,湖南卷,0
湖南,2012,老高考,2021,湖南卷,湖南卷,0
湖南,2013,老高考,2021,湖南卷,新课标全国Ⅰ卷,0
湖南,2014,老高考,2021,湖南卷,新课标全国Ⅰ卷,0
湖南,2015,老高考,2021,湖南卷,新课标全国Ⅰ卷,0
湖南,2016,老高考,2021,新课标全国Ⅰ卷,新课标全国Ⅰ卷,0
湖南,2017,老高考,2021,新课标全国Ⅰ卷,新课标全国Ⅰ卷,0
湖南,2018,老高考,2021,新课标全国Ⅰ卷,新课标全国Ⅰ卷,0
湖南,2019,老高考,2021,新课标全国Ⅰ卷,新课标全国Ⅰ卷,0
湖南,2020,老高考,2021,新课标全国Ⅰ卷,新课标全国Ⅰ卷,0
湖南,2021,新高考,2021,新高考全国Ⅰ卷,湖南卷,0
湖南,2022,新高考,2021,新高考全国Ⅰ卷,湖南卷,0
湖南,2023,新高考,2021,新高考全国Ⅰ卷,湖南卷,0
湖南,2024,新高考,2021,新高考全国Ⅰ卷,湖南卷,0
湖南,2025,新高考,2021,新高考全国Ⅰ卷,湖南卷,0
湖南,2026,新高考,2021,新高考全国Ⅰ卷,新高考I卷 / 湖南卷,0
广东,2008,老高考,2021,广东卷,广东卷,0
广东,2009,老高考,2021,广东卷,广东卷,0
广东,2010,老高考,2021,广东卷,广东卷,0
广东,2011,老高考,2021,广东卷,广东卷,0
广东,2012,老高考,2021,广东卷,广东卷,0
广东,2013,老高考,2021,广东卷,广东卷,0
广东,2014,老高考,2021,广东卷,广东卷,0
广东,2015,老高考,2021,广东卷,广东卷,0
广东,2016,老高考,2021,新课标全国Ⅰ卷,新课标全国Ⅰ卷,0
广东,2017,老高考,2021,新课标全国Ⅰ卷,新课标全国Ⅰ卷,0
广东,2018,老高考,2021,新课标全国Ⅰ卷,新课标全国Ⅰ卷,1
广东,2019,老高考,2021,新课标全国Ⅰ卷,新课标全国Ⅰ卷,0
广东,2020,老高考,2021,新课标全国Ⅰ卷,新课标全国Ⅰ卷,0
广东,2021,新高考,2021,新高考全国Ⅰ卷,广东卷,0
广东,2022,新高考,2021,新高考全国Ⅰ卷,广东卷,0
广东,2023,新高考,2021,新高考全国Ⅰ卷,广东卷,0
广东,2024,新高考,2021,新高考全国Ⅰ卷,广东卷,0
广东,2025,新高考,2021,新高考全国Ⅰ卷,广东卷,0
广东,2026,新高考,2021,新高考全国Ⅰ卷,广东卷,0
广西,2008,老高考,2024,全国Ⅰ卷 / 广西卷,全国Ⅰ卷 / 广西卷,0
广西,2009,老高考,2024,全国Ⅰ卷 / 广西卷,全国Ⅰ卷 / 广西卷,0
广西,2010,老高考,2024,全国Ⅰ卷 / 新课标全国Ⅰ卷,全国Ⅰ卷 / 广西卷,0
广西,2011,老高考,2024,广西卷,广西卷,0
广西,2012,老高考,2024,广西卷,广西卷,0
广西,2013,老高考,2024,新课标全国Ⅱ卷,新课标全国Ⅱ卷,0
广西,2014,老高考,2024,广西卷 / 新课标全国Ⅱ卷,广西卷,0
广西,2015,老高考,2024,新课标全国Ⅱ卷,新课标全国Ⅱ卷,1
广西,2016,老高考,2024,新课标全国Ⅲ卷,新课标全国Ⅲ卷,0
广西,2017,老高考,2024,新课标全国Ⅲ卷,新课标全国Ⅲ卷,0
广西,2018,老高考,2024,新课标全国Ⅲ卷,新课标全国Ⅲ卷,0
广西,2019,老高考,2024,新课标全国Ⅲ卷,新课标全国Ⅲ卷,0
广西,2020,老高考,2024,新课标全国Ⅲ卷,新课标全国Ⅲ卷,0
广西,2021,老高考,2024,全国甲卷,全国甲卷,0
广西,2022,老高考,2024,全国甲卷,全国甲卷,0
广西,2023,老高考,2024,全国甲卷,全国甲卷,0
广西,2024,新高考,2024,新高考全国Ⅱ卷,广西卷,5
广西,2025,新高考,2024,新高考全国Ⅱ卷,广西卷,4
广西,2026,新高考,2024,新高考全国Ⅱ卷,广西卷 / 新高考II卷,3
海南,2008,老高考,2020,海南卷,海南卷,0
海南,2009,老高考,2020,全国Ⅱ卷 / 海南卷,海南卷,0
海南,2010,老高考,2020,新课标全国Ⅱ卷 / 海南卷,海南卷,0
海南,2011,老高考,2020,海南卷,海南卷,0
海南,2012,老高考,2020,海南卷,海南卷,0
海南,2013,老高考,2020,新课标全国Ⅱ卷,海南卷,0
海南,2014,老高考,2020,新课标全国Ⅱ卷,海南卷,0
海南,2015,老高考,2020,新课标全国Ⅱ卷,海南卷,0
海南,2016,老高考,2020,新课标全国Ⅱ卷,海南卷,0
海南,2017,老高考,2020,新课标全国Ⅱ卷,海南卷,0
海南,2018,老高考,2020,新课标全国Ⅱ卷,海南卷,0
海南,2019,老高考,2020,新课标全国Ⅱ卷,海南卷,0
海南,2020,新高考,2020,新高考全国Ⅱ卷,海南卷,0
海南,2021,新高考,2020,新高考全国Ⅱ卷,海南卷,0
海南,2022,新高考,2020,新高考全国Ⅱ卷,海南卷,0
海南,2023,新高考,2020,新高考全国Ⅱ卷,海南卷,0
海南,2024,新高考,2020,新高考全国Ⅱ卷,海南卷,5
海南,2025,新高考,2020,新高考全国Ⅱ卷,海南卷,5
海南,2026,新高考,2020,新高考全国Ⅱ卷,海南卷,5
重庆,2008,老高考,2021,未检出,未检出,9
重庆,2009,老高考,2021,未检出,未检出,9
重庆,2010,老高考,2021,未检出,未检出,9
重庆,2011,老高考,2021,未检出,未检出,9
重庆,2012,老高考,2021,重庆卷,重庆卷,0
重庆,2013,老高考,2021,重庆卷,重庆卷,0
重庆,2014,老高考,2021,重庆卷,重庆卷,0
重庆,2015,老高考,2021,重庆卷,重庆卷,0
重庆,2016,老高考,2021,新课标全国Ⅱ卷,新课标全国Ⅱ卷,0
重庆,2017,老高考,2021,新课标全国Ⅱ卷,新课标全国Ⅱ卷,0
重庆,2018,老高考,2021,新课标全国Ⅱ卷,新课标全国Ⅱ卷,0
重庆,2019,老高考,2021,新课标全国Ⅱ卷,新课标全国Ⅱ卷,0
重庆,2020,老高考,2021,新课标全国Ⅱ卷,新课标全国Ⅱ卷,0
重庆,2021,新高考,2021,新高考全国Ⅱ卷,重庆卷,1
重庆,2022,新高考,2021,新高考全国Ⅱ卷,重庆卷,0
重庆,2023,新高考,2021,新高考全国Ⅱ卷,重庆卷,0
重庆,2024,新高考,2021,新高考全国Ⅱ卷,重庆卷,5
重庆,2025,新高考,2021,新高考全国Ⅱ卷,重庆卷,0
重庆,2026,新高考,2021,新高考全国Ⅱ卷,新高考II卷 / 重庆卷,5
四川,2008,老高考,2025,四川卷,四川卷,0
四川,2009,老高考,2025,四川卷,四川卷,0
四川,2010,老高考,2025,四川卷,四川卷,0
四川,2011,老高考,2025,四川卷,四川卷,0
四川,2012,老高考,2025,四川卷,四川卷,1
四川,2013,老高考,2025,四川卷,四川卷,0
四川,2014,老高考,2025,四川卷,四川卷,0
四川,2015,老高考,2025,四川卷,四川卷,0
四川,2016,老高考,2025,四川卷 / 新课标全国Ⅲ卷,四川卷 / 新课标全国Ⅲ卷,0
四川,2017,老高考,2025,新课标全国Ⅲ卷,新课标全国Ⅲ卷,0
四川,2018,老高考,2025,新课标全国Ⅲ卷,新课标全国Ⅲ卷,0
四川,2019,老高考,2025,新课标全国Ⅲ卷,新课标全国Ⅲ卷,0
四川,2020,老高考,2025,新课标全国Ⅲ卷,新课标全国Ⅲ卷,0
四川,2021,老高考,2025,全国甲卷,全国甲卷,0
四川,2022,老高考,2025,全国甲卷,全国甲卷,0
四川,2023,老高考,2025,全国甲卷,全国甲卷,0
四川,2024,老高考,2025,全国甲卷,全国甲卷,1
四川,2025,新高考,2025,新高考全国Ⅱ卷,四川卷,0
四川,2026,新高考,2025,新高考全国Ⅱ卷,四川卷,0
贵州,2008,老高考,2024,全国Ⅱ卷 / 贵州卷,全国Ⅱ卷 / 贵州卷,0
贵州,2009,老高考,2024,全国Ⅱ卷 / 贵州卷,全国Ⅱ卷 / 贵州卷,0
贵州,2010,老高考,2024,全国Ⅱ卷 / 新课标全国Ⅱ卷 / 贵州卷,全国Ⅱ卷 / 贵州卷,0
贵州,2011,老高考,2024,全国Ⅱ卷 / 贵州卷,全国Ⅱ卷 / 贵州卷,1
贵州,2012,老高考,2024,贵州卷,贵州卷,0
贵州,2013,老高考,2024,新课标全国Ⅱ卷,新课标全国Ⅱ卷,0
贵州,2014,老高考,2024,新课标全国Ⅱ卷,新课标全国Ⅱ卷,0
贵州,2015,老高考,2024,新课标全国Ⅱ卷,新课标全国Ⅱ卷,0
贵州,2016,老高考,2024,新课标全国Ⅲ卷,新课标全国Ⅲ卷,0
贵州,2017,老高考,2024,新课标全国Ⅲ卷,新课标全国Ⅲ卷,0
贵州,2018,老高考,2024,新课标全国Ⅲ卷,新课标全国Ⅲ卷,0
贵州,2019,老高考,2024,新课标全国Ⅲ卷,新课标全国Ⅱ卷 / 新课标全国Ⅲ卷,0
贵州,2020,老高考,2024,新课标全国Ⅲ卷,新课标全国Ⅲ卷,0
贵州,2021,老高考,2024,全国甲卷,全国甲卷,0
贵州,2022,老高考,2024,全国甲卷,全国甲卷,0
贵州,2023,老高考,2024,全国甲卷,全国甲卷,0
贵州,2024,新高考,2024,新高考全国Ⅱ卷,未检出,6
贵州,2025,新高考,2024,新高考全国Ⅱ卷,贵州卷,4
贵州,2026,新高考,2024,新高考全国Ⅱ卷,贵州卷,2
云南,2008,老高考,2025,云南卷 / 全国Ⅱ卷,云南卷 / 全国Ⅱ卷,0
云南,2009,老高考,2025,云南卷 / 全国Ⅱ卷,云南卷 / 全国Ⅱ卷,0
云南,2010,老高考,2025,云南卷 / 全国Ⅱ卷 / 新课标全国Ⅱ卷,云南卷 / 全国Ⅱ卷,0
云南,2011,老高考,2025,云南卷,云南卷,0
云南,2012,老高考,2025,云南卷,云南卷,0
云南,2013,老高考,2025,新课标全国Ⅱ卷,新课标全国Ⅱ卷,0
云南,2014,老高考,2025,新课标全国Ⅱ卷,新课标全国Ⅱ卷,0
云南,2015,老高考,2025,新课标全国Ⅱ卷,新课标全国Ⅱ卷,0
云南,2016,老高考,2025,新课标全国Ⅲ卷,新课标全国Ⅲ卷,0
云南,2017,老高考,2025,新课标全国Ⅲ卷,新课标全国Ⅲ卷,0
云南,2018,老高考,2025,新课标全国Ⅲ卷,新课标全国Ⅲ卷,0
云南,2019,老高考,2025,新课标全国Ⅲ卷,新课标全国Ⅲ卷,0
云南,2020,老高考,2025,新课标全国Ⅲ卷,新课标全国Ⅲ卷,0
云南,2021,老高考,2025,全国甲卷,全国甲卷,0
云南,2022,老高考,2025,全国甲卷,全国甲卷,0
云南,2023,老高考,2025,新课标全国Ⅱ卷,云南卷,0
云南,2024,老高考,2025,新课标全国Ⅱ卷,云南卷,0
云南,2025,新高考,2025,新高考全国Ⅱ卷,云南卷,0
云南,2026,新高考,2025,新高考全国Ⅱ卷,云南卷 / 新高考II卷,1
西藏,2008,老高考,,全国Ⅱ卷 / 西藏卷,全国Ⅱ卷 / 西藏卷,0
西藏,2009,老高考,,全国Ⅱ卷 / 西藏卷,全国Ⅱ卷 / 西藏卷,0
西藏,2010,老高考,,全国Ⅱ卷 / 新课标全国Ⅱ卷 / 西藏卷,全国Ⅱ卷 / 西藏卷,0
西藏,2011,老高考,,全国Ⅱ卷 / 西藏卷,西藏卷,0
西藏,2012,老高考,,西藏卷,西藏卷,0
西藏,2013,老高考,,新课标全国Ⅱ卷,新课标全国Ⅱ卷,0
西藏,2014,老高考,,新课标全国Ⅱ卷,新课标全国Ⅱ卷,0
西藏,2015,老高考,,新课标全国Ⅱ卷,新课标全国Ⅱ卷,0
西藏,2016,老高考,,新课标全国Ⅱ卷,新课标全国Ⅱ卷,0
西藏,2017,老高考,,新课标全国Ⅱ卷,新课标全国Ⅱ卷,0
西藏,2018,老高考,,新课标全国Ⅱ卷,新课标全国Ⅱ卷,0
西藏,2019,老高考,,新课标全国Ⅲ卷,新课标全国Ⅲ卷,0
西藏,2020,老高考,,新课标全国Ⅲ卷,新课标全国Ⅲ卷,0
西藏,2021,老高考,,全国甲卷,全国甲卷,0
西藏,2022,老高考,,全国甲卷,全国甲卷,0
西藏,2023,老高考,,全国甲卷,全国甲卷,0
西藏,2024,老高考,,全国甲卷 / 新课标全国Ⅱ卷,全国甲卷 / 西藏卷,0
西藏,2025,老高考,,全国Ⅱ卷 / 新课标全国Ⅱ卷,未检出,6
西藏,2026,老高考,,全国Ⅱ卷,未检出,6
陕西,2008,老高考,2025,全国Ⅱ卷 / 陕西卷,全国Ⅱ卷 / 陕西卷,0
陕西,2009,老高考,2025,全国Ⅱ卷 / 陕西卷,全国Ⅱ卷 / 陕西卷,0
陕西,2010,老高考,2025,全国Ⅱ卷 / 陕西卷,全国Ⅱ卷 / 陕西卷,0
陕西,2011,老高考,2025,陕西卷,陕西卷,0
陕西,2012,老高考,2025,陕西卷,陕西卷,0
陕西,2013,老高考,2025,新课标全国Ⅰ卷 / 陕西卷,新课标全国Ⅱ卷,0
陕西,2014,老高考,2025,新课标全国Ⅰ卷 / 陕西卷,新课标全国Ⅱ卷,0
陕西,2015,老高考,2025,新课标全国Ⅰ卷 / 陕西卷,新课标全国Ⅱ卷,0
陕西,2016,老高考,2025,新课标全国Ⅱ卷,新课标全国Ⅱ卷,0
陕西,2017,老高考,2025,新课标全国Ⅱ卷,新课标全国Ⅱ卷,0
陕西,2018,老高考,2025,新课标全国Ⅱ卷,新课标全国Ⅱ卷,0
陕西,2019,老高考,2025,新课标全国Ⅱ卷,新课标全国Ⅱ卷,0
陕西,2020,老高考,2025,新课标全国Ⅱ卷,新课标全国Ⅱ卷,0
陕西,2021,老高考,2025,全国乙卷 / 新课标全国Ⅰ卷,全国乙卷,0
陕西,2022,老高考,2025,全国乙卷,全国乙卷,0
陕西,2023,老高考,2025,全国乙卷,全国乙卷,0
陕西,2024,老高考,2025,全国甲卷,全国甲卷,1
陕西,2025,新高考,2025,新高考全国Ⅱ卷,山西卷,1
陕西,2026,新高考,2025,新高考全国Ⅱ卷,陕西卷,0
甘肃,2008,老高考,2024,全国Ⅱ卷 / 甘肃卷,全国Ⅱ卷 / 甘肃卷,0
甘肃,2009,老高考,2024,全国Ⅱ卷 / 甘肃卷,全国Ⅱ卷 / 甘肃卷,0
甘肃,2010,老高考,2024,全国Ⅱ卷 / 新课标全国Ⅱ卷 / 甘肃卷,全国Ⅱ卷 / 甘肃卷,0
甘肃,2011,老高考,2024,甘肃卷,全国Ⅱ卷 / 甘肃卷,0
甘肃,2012,老高考,2024,甘肃卷,甘肃卷,0
甘肃,2013,老高考,2024,新课标全国Ⅱ卷 / 甘肃卷,新课标全国Ⅱ卷,0
甘肃,2014,老高考,2024,新课标全国Ⅱ卷,新课标全国Ⅱ卷,0
甘肃,2015,老高考,2024,新课标全国Ⅰ卷 / 新课标全国Ⅱ卷,新课标全国Ⅱ卷,0
甘肃,2016,老高考,2024,新课标全国Ⅱ卷,新课标全国Ⅱ卷,0
甘肃,2017,老高考,2024,新课标全国Ⅱ卷,新课标全国Ⅱ卷,0
甘肃,2018,老高考,2024,新课标全国Ⅰ卷 / 新课标全国Ⅱ卷,新课标全国Ⅱ卷,0
甘肃,2019,老高考,2024,新课标全国Ⅱ卷,新课标全国Ⅱ卷,0
甘肃,2020,老高考,2024,新课标全国Ⅱ卷,新课标全国Ⅱ卷,0
甘肃,2021,老高考,2024,全国乙卷 / 新课标全国Ⅰ卷,全国乙卷,0
甘肃,2022,老高考,2024,全国乙卷,全国乙卷,0
甘肃,2023,老高考,2024,全国乙卷,全国乙卷,0
甘肃,2024,新高考,2024,新高考全国Ⅱ卷,甘肃卷,1
甘肃,2025,新高考,2024,新高考全国Ⅰ卷 / 新高考全国Ⅱ卷,甘肃卷,3
甘肃,2026,新高考,2024,新高考全国Ⅱ卷,甘肃卷,5
青海,2008,老高考,2025,全国Ⅱ卷 / 青海卷,全国Ⅱ卷 / 青海卷,0
青海,2009,老高考,2025,全国Ⅱ卷 / 青海卷,全国Ⅱ卷 / 青海卷,0
青海,2010,老高考,2025,全国Ⅱ卷 / 新课标全国Ⅱ卷 / 青海卷,全国Ⅱ卷 / 青海卷,0
青海,2011,老高考,2025,全国Ⅱ卷 / 青海卷,全国Ⅱ卷 / 青海卷,0
青海,2012,老高考,2025,青海卷,青海卷,0
青海,2013,老高考,2025,新课标全国Ⅱ卷,新课标全国Ⅱ卷,0
青海,2014,老高考,2025,新课标全国Ⅱ卷,新课标全国Ⅱ卷,0
青海,2015,老高考,2025,新课标全国Ⅱ卷,新课标全国Ⅱ卷,0
青海,2016,老高考,2025,新课标全国Ⅱ卷,新课标全国Ⅱ卷,0
青海,2017,老高考,2025,新课标全国Ⅱ卷,新课标全国Ⅱ卷,0
青海,2018,老高考,2025,新课标全国Ⅱ卷,新课标全国Ⅰ卷 / 新课标全国Ⅱ卷,0
青海,2019,老高考,2025,新课标全国Ⅱ卷,新课标全国Ⅱ卷,0
青海,2020,老高考,2025,新课标全国Ⅱ卷,新课标全国Ⅱ卷,0
青海,2021,老高考,2025,全国乙卷 / 新课标全国Ⅰ卷,全国乙卷,0
青海,2022,老高考,2025,全国乙卷,全国乙卷,0
青海,2023,老高考,2025,全国乙卷,全国乙卷,0
青海,2024,老高考,2025,全国甲卷,全国甲卷,1
青海,2025,新高考,2025,新高考全国Ⅱ卷,山西卷,1
青海,2026,新高考,2025,新高考全国Ⅱ卷,陕西卷 / 青海卷,0
宁夏,2008,老高考,2025,海南卷,未检出,6
宁夏,2009,老高考,2025,全国Ⅱ卷 / 海南卷,未检出,6
宁夏,2010,老高考,2025,新课标全国Ⅱ卷 / 海南卷,宁夏卷,0
宁夏,2011,老高考,2025,宁夏卷,宁夏卷,0
宁夏,2012,老高考,2025,宁夏卷,宁夏卷,0
宁夏,2013,老高考,2025,新课标全国Ⅱ卷,新课标全国Ⅱ卷,0
宁夏,2014,老高考,2025,新课标全国Ⅱ卷,新课标全国Ⅱ卷,0
宁夏,2015,老高考,2025,新课标全国Ⅱ卷,新课标全国Ⅱ卷,0
宁夏,2016,老高考,2025,新课标全国Ⅱ卷,新课标全国Ⅱ卷,0
宁夏,2017,老高考,2025,新课标全国Ⅱ卷,新课标全国Ⅱ卷,0
宁夏,2018,老高考,2025,新课标全国Ⅱ卷,新课标全国Ⅱ卷,0
宁夏,2019,老高考,2025,新课标全国Ⅱ卷,新课标全国Ⅱ卷,0
宁夏,2020,老高考,2025,新课标全国Ⅱ卷,新课标全国Ⅱ卷,0
宁夏,2021,老高考,2025,全国乙卷 / 新课标全国Ⅰ卷,全国乙卷,0
宁夏,2022,老高考,2025,全国乙卷,全国乙卷,0
宁夏,2023,老高考,2025,全国乙卷,全国乙卷,0
宁夏,2024,老高考,2025,全国甲卷,全国甲卷,1
宁夏,2025,新高考,2025,新高考全国Ⅱ卷,山西卷,1
宁夏,2026,新高考,2025,新高考全国Ⅱ卷,宁夏卷 / 陕西卷,0
新疆,2008,老高考,,全国Ⅱ卷 / 新疆卷,全国Ⅱ卷 / 新疆卷,0
新疆,2009,老高考,,全国Ⅱ卷 / 新疆卷,全国Ⅱ卷 / 新疆卷,0
新疆,2010,老高考,,全国Ⅱ卷 / 新疆卷 / 新课标全国Ⅱ卷,全国Ⅱ卷 / 新疆卷,0
新疆,2011,老高考,,新疆卷,新疆卷,0
新疆,2012,老高考,,新疆卷,新疆卷,0
新疆,2013,老高考,,新课标全国Ⅱ卷,新课标全国Ⅱ卷,0
新疆,2014,老高考,,新课标全国Ⅱ卷,新课标全国Ⅱ卷,0
新疆,2015,老高考,,新课标全国Ⅱ卷,新课标全国Ⅱ卷,0
新疆,2016,老高考,,新课标全国Ⅱ卷,新课标全国Ⅱ卷,0
新疆,2017,老高考,,新课标全国Ⅱ卷,新课标全国Ⅱ卷,0
新疆,2018,老高考,,新课标全国Ⅱ卷,新课标全国Ⅱ卷,0
新疆,2019,老高考,,新课标全国Ⅱ卷,新课标全国Ⅱ卷,0
新疆,2020,老高考,,新课标全国Ⅱ卷,新课标全国Ⅱ卷,0
新疆,2021,老高考,,全国乙卷 / 新课标全国Ⅰ卷,全国乙卷,0
新疆,2022,老高考,,全国乙卷,全国乙卷,0
新疆,2023,老高考,,全国乙卷,全国乙卷,0
新疆,2024,老高考,,新课标全国Ⅱ卷,新疆卷,0
新疆,2025,老高考,,全国Ⅱ卷,未检出,6
新疆,2026,老高考,,全国Ⅱ卷,未检出,6
