年份,科目,地区或卷区,卷型,PDF,Markdown,听力MP3,OCR方式
2016,语文,全国,新课标全国Ⅲ卷,papers/2016/语文/全国/新课标全国Ⅲ卷/2016_语文_新课标全国Ⅲ卷_原卷.pdf,papers/2016/语文/全国/新课标全国Ⅲ卷/2016_语文_新课标全国Ⅲ卷_OCR与考点.md,,rapidocr
2016,数学,四川,四川卷,papers/2016/数学/四川/四川卷/2016_数学_四川卷_原卷.pdf,papers/2016/数学/四川/四川卷/2016_数学_四川卷_OCR与考点.md,,pypdf
2016,英语,四川,四川卷,papers/2016/英语/四川/四川卷/2016_英语_四川卷_原卷.pdf,papers/2016/英语/四川/四川卷/2016_英语_四川卷_OCR与考点.md,papers/2016/英语/四川/四川卷/2016_英语_四川卷_听力.mp3,pypdf
2016,物理,四川,四川理综,papers/2016/物理/四川/四川理综/2016_物理_四川理综_原卷.pdf,papers/2016/物理/四川/四川理综/2016_物理_四川理综_OCR与考点.md,,pypdf
2016,化学,四川,四川理综,papers/2016/化学/四川/四川理综/2016_化学_四川理综_原卷.pdf,papers/2016/化学/四川/四川理综/2016_化学_四川理综_OCR与考点.md,,pypdf
2016,生物,四川,四川理综,papers/2016/生物/四川/四川理综/2016_生物_四川理综_原卷.pdf,papers/2016/生物/四川/四川理综/2016_生物_四川理综_OCR与考点.md,,pypdf
2017,语文,全国,新课标全国Ⅲ卷,papers/2017/语文/全国/新课标全国Ⅲ卷/2017_语文_新课标全国Ⅲ卷_原卷.pdf,papers/2017/语文/全国/新课标全国Ⅲ卷/2017_语文_新课标全国Ⅲ卷_OCR与考点.md,,rapidocr
2017,数学,全国,新课标全国Ⅲ卷,papers/2017/数学/全国/新课标全国Ⅲ卷/2017_数学_新课标全国Ⅲ卷_原卷.pdf,papers/2017/数学/全国/新课标全国Ⅲ卷/2017_数学_新课标全国Ⅲ卷_OCR与考点.md,,pypdf
2017,英语,全国,新课标全国Ⅲ卷,papers/2017/英语/全国/新课标全国Ⅲ卷/2017_英语_新课标全国Ⅲ卷_原卷.pdf,papers/2017/英语/全国/新课标全国Ⅲ卷/2017_英语_新课标全国Ⅲ卷_OCR与考点.md,papers/2017/英语/全国/新课标全国Ⅲ卷/2017_英语_新课标全国Ⅲ卷_听力.mp3,pypdf
2017,物理,全国,新课标全国Ⅲ卷理综,papers/2017/物理/全国/新课标全国Ⅲ卷理综/2017_物理_新课标全国Ⅲ卷理综_原卷.pdf,papers/2017/物理/全国/新课标全国Ⅲ卷理综/2017_物理_新课标全国Ⅲ卷理综_OCR与考点.md,,pypdf
2017,化学,全国,新课标全国Ⅲ卷理综,papers/2017/化学/全国/新课标全国Ⅲ卷理综/2017_化学_新课标全国Ⅲ卷理综_原卷.pdf,papers/2017/化学/全国/新课标全国Ⅲ卷理综/2017_化学_新课标全国Ⅲ卷理综_OCR与考点.md,,pypdf
2017,生物,全国,新课标全国Ⅲ卷理综,papers/2017/生物/全国/新课标全国Ⅲ卷理综/2017_生物_新课标全国Ⅲ卷理综_原卷.pdf,papers/2017/生物/全国/新课标全国Ⅲ卷理综/2017_生物_新课标全国Ⅲ卷理综_OCR与考点.md,,pypdf
2018,语文,全国,新课标全国Ⅲ卷,papers/2018/语文/全国/新课标全国Ⅲ卷/2018_语文_新课标全国Ⅲ卷_原卷.pdf,papers/2018/语文/全国/新课标全国Ⅲ卷/2018_语文_新课标全国Ⅲ卷_OCR与考点.md,,rapidocr
2018,数学,全国,新课标全国Ⅲ卷,papers/2018/数学/全国/新课标全国Ⅲ卷/2018_数学_新课标全国Ⅲ卷_原卷.pdf,papers/2018/数学/全国/新课标全国Ⅲ卷/2018_数学_新课标全国Ⅲ卷_OCR与考点.md,,pypdf
2018,英语,全国,新课标全国Ⅲ卷,papers/2018/英语/全国/新课标全国Ⅲ卷/2018_英语_新课标全国Ⅲ卷_原卷.pdf,papers/2018/英语/全国/新课标全国Ⅲ卷/2018_英语_新课标全国Ⅲ卷_OCR与考点.md,papers/2018/英语/全国/新课标全国Ⅲ卷/2018_英语_新课标全国Ⅲ卷_听力.mp3,pypdf
2018,物理,全国,新课标全国Ⅲ卷理综,papers/2018/物理/全国/新课标全国Ⅲ卷理综/2018_物理_新课标全国Ⅲ卷理综_原卷.pdf,papers/2018/物理/全国/新课标全国Ⅲ卷理综/2018_物理_新课标全国Ⅲ卷理综_OCR与考点.md,,pypdf
2018,化学,全国,新课标全国Ⅲ卷理综,papers/2018/化学/全国/新课标全国Ⅲ卷理综/2018_化学_新课标全国Ⅲ卷理综_原卷.pdf,papers/2018/化学/全国/新课标全国Ⅲ卷理综/2018_化学_新课标全国Ⅲ卷理综_OCR与考点.md,,pypdf
2018,生物,全国,新课标全国Ⅲ卷理综,papers/2018/生物/全国/新课标全国Ⅲ卷理综/2018_生物_新课标全国Ⅲ卷理综_原卷.pdf,papers/2018/生物/全国/新课标全国Ⅲ卷理综/2018_生物_新课标全国Ⅲ卷理综_OCR与考点.md,,pypdf
2019,语文,全国,新课标全国Ⅲ卷,papers/2019/语文/全国/新课标全国Ⅲ卷/2019_语文_新课标全国Ⅲ卷_原卷.pdf,papers/2019/语文/全国/新课标全国Ⅲ卷/2019_语文_新课标全国Ⅲ卷_OCR与考点.md,,rapidocr
2019,数学,全国,新课标全国Ⅲ卷,papers/2019/数学/全国/新课标全国Ⅲ卷/2019_数学_新课标全国Ⅲ卷_原卷.pdf,papers/2019/数学/全国/新课标全国Ⅲ卷/2019_数学_新课标全国Ⅲ卷_OCR与考点.md,,pypdf
2019,英语,全国,新课标全国Ⅲ卷,papers/2019/英语/全国/新课标全国Ⅲ卷/2019_英语_新课标全国Ⅲ卷_原卷.pdf,papers/2019/英语/全国/新课标全国Ⅲ卷/2019_英语_新课标全国Ⅲ卷_OCR与考点.md,papers/2019/英语/全国/新课标全国Ⅲ卷/2019_英语_新课标全国Ⅲ卷_听力.mp3,pypdf
2019,物理,全国,新课标全国Ⅲ卷理综,papers/2019/物理/全国/新课标全国Ⅲ卷理综/2019_物理_新课标全国Ⅲ卷理综_原卷.pdf,papers/2019/物理/全国/新课标全国Ⅲ卷理综/2019_物理_新课标全国Ⅲ卷理综_OCR与考点.md,,pypdf
2019,化学,全国,新课标全国Ⅲ卷理综,papers/2019/化学/全国/新课标全国Ⅲ卷理综/2019_化学_新课标全国Ⅲ卷理综_原卷.pdf,papers/2019/化学/全国/新课标全国Ⅲ卷理综/2019_化学_新课标全国Ⅲ卷理综_OCR与考点.md,,pypdf
2019,生物,全国,新课标全国Ⅲ卷理综,papers/2019/生物/全国/新课标全国Ⅲ卷理综/2019_生物_新课标全国Ⅲ卷理综_原卷.pdf,papers/2019/生物/全国/新课标全国Ⅲ卷理综/2019_生物_新课标全国Ⅲ卷理综_OCR与考点.md,,pypdf
2020,语文,全国,新课标全国Ⅲ卷,papers/2020/语文/全国/新课标全国Ⅲ卷/2020_语文_新课标全国Ⅲ卷_原卷.pdf,papers/2020/语文/全国/新课标全国Ⅲ卷/2020_语文_新课标全国Ⅲ卷_OCR与考点.md,,rapidocr
2020,数学,全国,新课标全国Ⅲ卷,papers/2020/数学/全国/新课标全国Ⅲ卷/2020_数学_新课标全国Ⅲ卷_原卷.pdf,papers/2020/数学/全国/新课标全国Ⅲ卷/2020_数学_新课标全国Ⅲ卷_OCR与考点.md,,pypdf
2020,英语,全国,新课标全国Ⅲ卷,papers/2020/英语/全国/新课标全国Ⅲ卷/2020_英语_新课标全国Ⅲ卷_原卷.pdf,papers/2020/英语/全国/新课标全国Ⅲ卷/2020_英语_新课标全国Ⅲ卷_OCR与考点.md,papers/2020/英语/全国/新课标全国Ⅲ卷/2020_英语_新课标全国Ⅲ卷_听力.mp3,pypdf
2020,物理,全国,新课标全国Ⅲ卷理综,papers/2020/物理/全国/新课标全国Ⅲ卷理综/2020_物理_新课标全国Ⅲ卷理综_原卷.pdf,papers/2020/物理/全国/新课标全国Ⅲ卷理综/2020_物理_新课标全国Ⅲ卷理综_OCR与考点.md,,pypdf
2020,化学,全国,新课标全国Ⅲ卷理综,papers/2020/化学/全国/新课标全国Ⅲ卷理综/2020_化学_新课标全国Ⅲ卷理综_原卷.pdf,papers/2020/化学/全国/新课标全国Ⅲ卷理综/2020_化学_新课标全国Ⅲ卷理综_OCR与考点.md,,pypdf
2020,生物,全国,新课标全国Ⅲ卷理综,papers/2020/生物/全国/新课标全国Ⅲ卷理综/2020_生物_新课标全国Ⅲ卷理综_原卷.pdf,papers/2020/生物/全国/新课标全国Ⅲ卷理综/2020_生物_新课标全国Ⅲ卷理综_OCR与考点.md,,pypdf
2021,语文,全国,全国甲卷,papers/2021/语文/全国/全国甲卷/2021_语文_全国甲卷_原卷.pdf,papers/2021/语文/全国/全国甲卷/2021_语文_全国甲卷_OCR与考点.md,,rapidocr
2021,数学,全国,全国甲卷,papers/2021/数学/全国/全国甲卷/2021_数学_全国甲卷_原卷.pdf,papers/2021/数学/全国/全国甲卷/2021_数学_全国甲卷_OCR与考点.md,,pypdf
2021,英语,全国,全国甲卷,papers/2021/英语/全国/全国甲卷/2021_英语_全国甲卷_原卷.pdf,papers/2021/英语/全国/全国甲卷/2021_英语_全国甲卷_OCR与考点.md,papers/2021/英语/全国/全国甲卷/2021_英语_全国甲卷_听力.mp3,pypdf
2021,物理,全国,全国甲卷理综,papers/2021/物理/全国/全国甲卷理综/2021_物理_全国甲卷理综_原卷.pdf,papers/2021/物理/全国/全国甲卷理综/2021_物理_全国甲卷理综_OCR与考点.md,,pypdf
2021,化学,全国,全国甲卷理综,papers/2021/化学/全国/全国甲卷理综/2021_化学_全国甲卷理综_原卷.pdf,papers/2021/化学/全国/全国甲卷理综/2021_化学_全国甲卷理综_OCR与考点.md,,pypdf
2021,生物,全国,全国甲卷理综,papers/2021/生物/全国/全国甲卷理综/2021_生物_全国甲卷理综_原卷.pdf,papers/2021/生物/全国/全国甲卷理综/2021_生物_全国甲卷理综_OCR与考点.md,,pypdf
2022,语文,全国,全国甲卷,papers/2022/语文/全国/全国甲卷/2022_语文_全国甲卷_原卷.pdf,papers/2022/语文/全国/全国甲卷/2022_语文_全国甲卷_OCR与考点.md,,rapidocr
2022,数学,全国,全国甲卷,papers/2022/数学/全国/全国甲卷/2022_数学_全国甲卷_原卷.pdf,papers/2022/数学/全国/全国甲卷/2022_数学_全国甲卷_OCR与考点.md,,pypdf
2022,英语,全国,全国甲卷,papers/2022/英语/全国/全国甲卷/2022_英语_全国甲卷_原卷.pdf,papers/2022/英语/全国/全国甲卷/2022_英语_全国甲卷_OCR与考点.md,papers/2022/英语/全国/全国甲卷/2022_英语_全国甲卷_听力.mp3,pypdf
2022,物理,全国,全国甲卷理综,papers/2022/物理/全国/全国甲卷理综/2022_物理_全国甲卷理综_原卷.pdf,papers/2022/物理/全国/全国甲卷理综/2022_物理_全国甲卷理综_OCR与考点.md,,pypdf
2022,化学,全国,全国甲卷理综,papers/2022/化学/全国/全国甲卷理综/2022_化学_全国甲卷理综_原卷.pdf,papers/2022/化学/全国/全国甲卷理综/2022_化学_全国甲卷理综_OCR与考点.md,,pypdf
2022,生物,全国,全国甲卷理综,papers/2022/生物/全国/全国甲卷理综/2022_生物_全国甲卷理综_原卷.pdf,papers/2022/生物/全国/全国甲卷理综/2022_生物_全国甲卷理综_OCR与考点.md,,pypdf
2023,语文,全国,全国甲卷,papers/2023/语文/全国/全国甲卷/2023_语文_全国甲卷_原卷.pdf,papers/2023/语文/全国/全国甲卷/2023_语文_全国甲卷_OCR与考点.md,,rapidocr
2023,数学,全国,全国甲卷,papers/2023/数学/全国/全国甲卷/2023_数学_全国甲卷_原卷.pdf,papers/2023/数学/全国/全国甲卷/2023_数学_全国甲卷_OCR与考点.md,,pypdf
2023,英语,全国,全国甲卷,papers/2023/英语/全国/全国甲卷/2023_英语_全国甲卷_原卷.pdf,papers/2023/英语/全国/全国甲卷/2023_英语_全国甲卷_OCR与考点.md,papers/2023/英语/全国/全国甲卷/2023_英语_全国甲卷_听力.mp3,pypdf
2023,物理,全国,全国甲卷理综,papers/2023/物理/全国/全国甲卷理综/2023_物理_全国甲卷理综_原卷.pdf,papers/2023/物理/全国/全国甲卷理综/2023_物理_全国甲卷理综_OCR与考点.md,,pypdf
2023,化学,全国,全国甲卷理综,papers/2023/化学/全国/全国甲卷理综/2023_化学_全国甲卷理综_原卷.pdf,papers/2023/化学/全国/全国甲卷理综/2023_化学_全国甲卷理综_OCR与考点.md,,pypdf
2023,生物,全国,全国甲卷理综,papers/2023/生物/全国/全国甲卷理综/2023_生物_全国甲卷理综_原卷.pdf,papers/2023/生物/全国/全国甲卷理综/2023_生物_全国甲卷理综_OCR与考点.md,,pypdf
2024,语文,全国,全国甲卷,papers/2024/语文/全国/全国甲卷/2024_语文_全国甲卷_原卷.pdf,papers/2024/语文/全国/全国甲卷/2024_语文_全国甲卷_OCR与考点.md,,rapidocr
2024,数学,全国,全国甲卷,papers/2024/数学/全国/全国甲卷/2024_数学_全国甲卷_原卷.pdf,papers/2024/数学/全国/全国甲卷/2024_数学_全国甲卷_OCR与考点.md,,pypdf
2024,英语,全国,全国甲卷,papers/2024/英语/全国/全国甲卷/2024_英语_全国甲卷_原卷.pdf,papers/2024/英语/全国/全国甲卷/2024_英语_全国甲卷_OCR与考点.md,papers/2024/英语/全国/全国甲卷/2024_英语_全国甲卷_听力.mp3,pypdf
2024,物理,全国,全国甲卷理综,papers/2024/物理/全国/全国甲卷理综/2024_物理_全国甲卷理综_原卷.pdf,papers/2024/物理/全国/全国甲卷理综/2024_物理_全国甲卷理综_OCR与考点.md,,pypdf
2024,化学,全国,全国甲卷理综,papers/2024/化学/全国/全国甲卷理综/2024_化学_全国甲卷理综_原卷.pdf,papers/2024/化学/全国/全国甲卷理综/2024_化学_全国甲卷理综_OCR与考点.md,,pypdf
2024,生物,全国,全国甲卷理综,papers/2024/生物/全国/全国甲卷理综/2024_生物_全国甲卷理综_原卷.pdf,papers/2024/生物/全国/全国甲卷理综/2024_生物_全国甲卷理综_OCR与考点.md,,pypdf
2025,语文,全国,新高考全国Ⅱ卷,papers/2025/语文/全国/新高考全国Ⅱ卷/2025_语文_新高考全国Ⅱ卷_原卷.pdf,papers/2025/语文/全国/新高考全国Ⅱ卷/2025_语文_新高考全国Ⅱ卷_OCR与考点.md,,pypdf
2025,数学,全国,新高考全国Ⅱ卷,papers/2025/数学/全国/新高考全国Ⅱ卷/2025_数学_新高考全国Ⅱ卷_原卷.pdf,papers/2025/数学/全国/新高考全国Ⅱ卷/2025_数学_新高考全国Ⅱ卷_OCR与考点.md,,pypdf
2025,英语,全国,新高考全国Ⅱ卷,papers/2025/英语/全国/新高考全国Ⅱ卷/2025_英语_新高考全国Ⅱ卷_原卷.pdf,papers/2025/英语/全国/新高考全国Ⅱ卷/2025_英语_新高考全国Ⅱ卷_OCR与考点.md,papers/2025/英语/全国/新高考全国Ⅱ卷/2025_英语_新高考全国Ⅱ卷_听力.mp3,pypdf
2025,物理,四川,四川卷,papers/2025/物理/四川/四川卷/2025_物理_四川卷_原卷.pdf,papers/2025/物理/四川/四川卷/2025_物理_四川卷_OCR与考点.md,,pypdf
2025,化学,四川,四川卷,papers/2025/化学/四川/四川卷/2025_化学_四川卷_原卷.pdf,papers/2025/化学/四川/四川卷/2025_化学_四川卷_OCR与考点.md,,reused-existing-md
2025,生物,四川,四川卷,papers/2025/生物/四川/四川卷/2025_生物_四川卷_原卷.pdf,papers/2025/生物/四川/四川卷/2025_生物_四川卷_OCR与考点.md,,pypdf
